{"v":"5.5.7","meta":{"g":"LottieFiles AE 0.1.21","a":"","k":"","d":"","tc":""},"fr":60,"ip":0,"op":357,"w":512,"h":512,"nm":"Winner","ddd":0,"assets":[{"id":"comp_0","layers":[{"ddd":0,"ind":1,"ty":0,"nm":"left","parent":5,"refId":"comp_1","sr":2,"ks":{"o":{"a":0,"k":100,"ix":11},"r":{"a":0,"k":2,"ix":10},"p":{"a":0,"k":[559.637,257.583,0],"ix":2},"a":{"a":0,"k":[320.325,526.903,0],"ix":1},"s":{"a":0,"k":[-126.94,126.94,100],"ix":6}},"ao":0,"w":1200,"h":1200,"ip":93,"op":376,"st":93,"bm":0},{"ddd":0,"ind":2,"ty":0,"nm":"right","parent":5,"refId":"comp_1","sr":2,"ks":{"o":{"a":0,"k":100,"ix":11},"r":{"a":0,"k":-2,"ix":10},"p":{"a":0,"k":[-127.554,255.566,0],"ix":2},"a":{"a":0,"k":[325.092,525.314,0],"ix":1},"s":{"a":0,"k":[126.94,126.94,100],"ix":6}},"ao":0,"w":1200,"h":1200,"ip":93,"op":376,"st":93,"bm":0},{"ddd":0,"ind":3,"ty":4,"nm":"glass","parent":5,"sr":1,"ks":{"o":{"a":0,"k":100,"ix":11},"r":{"a":0,"k":0,"ix":10},"p":{"a":0,"k":[97.505,176.343,0],"ix":2},"a":{"a":0,"k":[-115.771,-144.934,0],"ix":1},"s":{"a":0,"k":[80,80,100],"ix":6}},"ao":0,"shapes":[{"ty":"gr","it":[{"d":1,"ty":"el","s":{"a":0,"k":[397.871,397.871],"ix":2},"p":{"a":0,"k":[0,0],"ix":3},"nm":"Ellipse Path 1","mn":"ADBE Vector Shape - Ellipse","hd":false},{"ty":"gf","o":{"a":0,"k":100,"ix":10},"r":1,"bm":0,"g":{"p":3,"k":{"a":0,"k":[0,1,1,1,0.5,1,1,1,1,1,1,1,0,1,0.5,0.5,1,0],"ix":9}},"s":{"a":0,"k":[-479.619,-149.062],"ix":5},"e":{"a":0,"k":[-2.588,3.174],"ix":6},"t":1,"nm":"Gradient Fill 1","mn":"ADBE Vector Graphic - G-Fill","hd":false},{"ty":"tr","p":{"a":0,"k":[25.443,-99.267],"ix":2},"a":{"a":0,"k":[0,0],"ix":1},"s":{"a":0,"k":[100,100],"ix":3},"r":{"a":0,"k":0,"ix":6},"o":{"a":0,"k":100,"ix":7},"sk":{"a":0,"k":0,"ix":4},"sa":{"a":0,"k":0,"ix":5},"nm":"Transform"}],"nm":"Ellipse 2","np":3,"cix":2,"bm":0,"ix":1,"mn":"ADBE Vector Group","hd":false},{"ty":"gr","it":[{"d":1,"ty":"el","s":{"a":0,"k":[59.977,123.035],"ix":2},"p":{"a":0,"k":[17,0],"ix":3},"nm":"Ellipse Path 1","mn":"ADBE Vector Shape - Ellipse","hd":false},{"ty":"gf","o":{"a":0,"k":100,"ix":10},"r":1,"bm":0,"g":{"p":3,"k":{"a":0,"k":[0,1,1,1,0.5,1,1,1,1,1,1,1,0,1,0.5,0.5,1,0],"ix":9}},"s":{"a":0,"k":[-189.865,-10.012],"ix":5},"e":{"a":0,"k":[46.105,0.843],"ix":6},"t":1,"nm":"Gradient Fill 1","mn":"ADBE Vector Graphic - G-Fill","hd":false},{"ty":"tr","p":{"a":0,"k":[-151.053,-160.958],"ix":2},"a":{"a":0,"k":[0,0],"ix":1},"s":{"a":0,"k":[100,125],"ix":3},"r":{"a":0,"k":20,"ix":6},"o":{"a":0,"k":100,"ix":7},"sk":{"a":0,"k":0,"ix":4},"sa":{"a":0,"k":0,"ix":5},"nm":"Transform"}],"nm":"Ellipse 1","np":3,"cix":2,"bm":0,"ix":2,"mn":"ADBE Vector Group","hd":false}],"ip":42,"op":376,"st":16,"bm":0},{"ddd":0,"ind":4,"ty":4,"nm":"frame_1.2","cl":"2","parent":5,"sr":1,"ks":{"o":{"a":0,"k":100,"ix":11},"r":{"a":0,"k":0,"ix":10},"p":{"a":0,"k":[213,212,0],"ix":2},"a":{"a":0,"k":[213,24,0],"ix":1},"s":{"a":0,"k":[100,100,100],"ix":6}},"ao":0,"shapes":[{"ty":"gr","it":[{"ind":0,"ty":"sh","ix":1,"ks":{"a":0,"k":{"i":[[0,0],[0,0],[0,0]],"o":[[0,0],[0,0],[0,0]],"v":[[204.776,-14.473],[204.776,96.277],[231.276,96.277]],"c":false},"ix":2},"nm":"Path 1","mn":"ADBE Vector Shape - Group","hd":false},{"ty":"st","c":{"a":0,"k":[0.8941176470588236,0.37254901960784315,0.37254901960784315,1],"ix":3},"o":{"a":0,"k":100,"ix":4},"w":{"a":0,"k":5,"ix":5},"lc":1,"lj":1,"ml":4,"bm":0,"nm":"Stroke 1","mn":"ADBE Vector Graphic - Stroke","hd":false},{"ty":"tr","p":{"a":0,"k":[0,0],"ix":2},"a":{"a":0,"k":[0,0],"ix":1},"s":{"a":0,"k":[100,100],"ix":3},"r":{"a":0,"k":0,"ix":6},"o":{"a":0,"k":100,"ix":7},"sk":{"a":0,"k":0,"ix":4},"sa":{"a":0,"k":0,"ix":5},"nm":"Transform"}],"nm":"Shape 2","np":3,"cix":2,"bm":0,"ix":1,"mn":"ADBE Vector Group","hd":false},{"ty":"gr","it":[{"ind":0,"ty":"sh","ix":1,"ks":{"a":0,"k":{"i":[[0,0],[44.5,0]],"o":[[0,0],[0,-0.25]],"v":[[210.526,-58.473],[166.776,-30.223]],"c":false},"ix":2},"nm":"Path 1","mn":"ADBE Vector Shape - Group","hd":false},{"ty":"st","c":{"a":0,"k":[0.8941176470588236,0.37254901960784315,0.37254901960784315,1],"ix":3},"o":{"a":0,"k":100,"ix":4},"w":{"a":0,"k":5,"ix":5},"lc":1,"lj":1,"ml":4,"bm":0,"nm":"Stroke 1","mn":"ADBE Vector Graphic - Stroke","hd":false},{"ty":"tr","p":{"a":0,"k":[0,0],"ix":2},"a":{"a":0,"k":[0,0],"ix":1},"s":{"a":0,"k":[100,100],"ix":3},"r":{"a":0,"k":0,"ix":6},"o":{"a":0,"k":100,"ix":7},"sk":{"a":0,"k":0,"ix":4},"sa":{"a":0,"k":0,"ix":5},"nm":"Transform"}],"nm":"Shape 1","np":3,"cix":2,"bm":0,"ix":2,"mn":"ADBE Vector Group","hd":false},{"ty":"gr","it":[{"ind":0,"ty":"sh","ix":1,"ks":{"a":0,"k":{"i":[[90.223,0],[0,90.222],[-90.222,0],[0,-90.222]],"o":[[-90.222,0],[0,-90.222],[90.223,0],[0,90.222]],"v":[[213.277,188.638],[49.915,25.277],[213.277,-138.085],[376.637,25.277]],"c":true},"ix":2},"nm":"Path 1","mn":"ADBE Vector Shape - Group","hd":false},{"ty":"st","c":{"a":0,"k":[0.8941176470588236,0.37254901960784315,0.37254901960784315,1],"ix":3},"o":{"a":0,"k":100,"ix":4},"w":{"a":0,"k":2,"ix":5},"lc":1,"lj":1,"ml":4,"bm":0,"nm":"Stroke 1","mn":"ADBE Vector Graphic - Stroke","hd":false},{"ty":"tr","p":{"a":0,"k":[0,0],"ix":2},"a":{"a":0,"k":[0,0],"ix":1},"s":{"a":0,"k":[100,100],"ix":3},"r":{"a":0,"k":0,"ix":6},"o":{"a":0,"k":100,"ix":7},"sk":{"a":0,"k":0,"ix":4},"sa":{"a":0,"k":0,"ix":5},"nm":"Transform"}],"nm":"Group 1","np":2,"cix":2,"bm":0,"ix":3,"mn":"ADBE Vector Group","hd":false}],"ip":42,"op":376,"st":42,"bm":0},{"ddd":0,"ind":5,"ty":4,"nm":"frame","sr":1,"ks":{"o":{"a":0,"k":100,"ix":11},"r":{"a":0,"k":0,"ix":10},"p":{"a":1,"k":[{"i":{"x":0.667,"y":1},"o":{"x":0.333,"y":0},"t":42,"s":[600,912.062,0],"to":[0,-37.5,0],"ti":[0,37.5,0]},{"t":77,"s":[600,687.062,0]}],"ix":2},"a":{"a":0,"k":[213.276,408.339,0],"ix":1},"s":{"a":1,"k":[{"i":{"x":[0.667,0.667,0.667],"y":[1,1,1]},"o":{"x":[0.333,0.333,0.333],"y":[0,0,0]},"t":42,"s":[0,0,100]},{"t":77,"s":[100,100,100]}],"ix":6}},"ao":0,"ef":[{"ty":5,"nm":"AC IN [WZI] 3 Controls","np":3,"mn":"Pseudo/MHAC PrCtrl WZI 4","ix":1,"en":1,"ef":[{"ty":0,"nm":"Scale","mn":"Pseudo/MHAC PrCtrl WZI 4-0001","ix":1,"v":{"a":0,"k":0,"ix":1}}]}],"shapes":[{"ty":"gr","it":[{"ind":0,"ty":"sh","ix":1,"ks":{"a":0,"k":{"i":[[0,-107.729],[107.73,0],[0,107.729],[-107.729,0]],"o":[[0,107.729],[-107.729,0],[0,-107.729],[107.73,0]],"v":[[195.062,0],[-0.001,195.062],[-195.061,0],[-0.001,-195.062]],"c":true},"ix":2},"nm":"Path 1","mn":"ADBE Vector Shape - Group","hd":false},{"ty":"gs","o":{"a":0,"k":100,"ix":9},"w":{"a":0,"k":10,"ix":10},"g":{"p":3,"k":{"a":0,"k":[0,0.753,0.573,0.137,0.5,0.666,0.502,0.107,1,0.58,0.432,0.077],"ix":8}},"s":{"a":0,"k":[475,2.703],"ix":4},"e":{"a":0,"k":[-476.617,13.375],"ix":5},"t":1,"lc":2,"lj":1,"ml":10,"ml2":{"a":0,"k":10,"ix":13},"bm":0,"d":[{"n":"d","nm":"dash","v":{"a":0,"k":3.304,"ix":1}},{"n":"g","nm":"gap","v":{"a":0,"k":19.822,"ix":2}},{"n":"o","nm":"offset","v":{"a":0,"k":0,"ix":7}}],"nm":"Gradient Stroke 1","mn":"ADBE Vector Graphic - G-Stroke","hd":false},{"ty":"tr","p":{"a":0,"k":[213.276,213.277],"ix":2},"a":{"a":0,"k":[0,0],"ix":1},"s":{"a":0,"k":[100,100],"ix":3},"r":{"a":0,"k":0,"ix":6},"o":{"a":0,"k":100,"ix":7},"sk":{"a":0,"k":0,"ix":4},"sa":{"a":0,"k":0,"ix":5},"nm":"Transform"}],"nm":"Group 1","np":2,"cix":2,"bm":0,"ix":1,"mn":"ADBE Vector Group","hd":false},{"ty":"gr","it":[{"ind":0,"ty":"sh","ix":1,"ks":{"a":0,"k":{"i":[[90.223,0],[0,90.222],[-90.222,0],[0,-90.222]],"o":[[-90.222,0],[0,-90.222],[90.223,0],[0,90.222]],"v":[[0,163.361],[-163.362,0.001],[0,-163.361],[163.361,0.001]],"c":true},"ix":2},"nm":"Path 1","mn":"ADBE Vector Shape - Group","hd":false},{"ind":1,"ty":"sh","ix":2,"ks":{"a":0,"k":{"i":[[107.729,0],[0,-107.73],[-107.729,0],[0,107.729]],"o":[[-107.729,0],[0,107.729],[107.729,0],[0,-107.73]],"v":[[0,-195.061],[-195.062,0.001],[0,195.061],[195.062,0.001]],"c":true},"ix":2},"nm":"Path 2","mn":"ADBE Vector Shape - Group","hd":false},{"ty":"gf","o":{"a":0,"k":100,"ix":10},"r":1,"bm":0,"g":{"p":5,"k":{"a":0,"k":[0,0.859,0.694,0.29,0.252,0.855,0.678,0.286,0.505,0.851,0.663,0.282,0.752,0.802,0.618,0.21,1,0.753,0.573,0.137],"ix":9}},"s":{"a":0,"k":[0,0],"ix":5},"e":{"a":0,"k":[100,0],"ix":6},"t":1,"nm":"Gradient Fill 1","mn":"ADBE Vector Graphic - G-Fill","hd":false},{"ty":"tr","p":{"a":0,"k":[213.276,213.277],"ix":2},"a":{"a":0,"k":[0,0],"ix":1},"s":{"a":0,"k":[100,100],"ix":3},"r":{"a":0,"k":0,"ix":6},"o":{"a":0,"k":100,"ix":7},"sk":{"a":0,"k":0,"ix":4},"sa":{"a":0,"k":0,"ix":5},"nm":"Transform"}],"nm":"Group 2","np":3,"cix":2,"bm":0,"ix":2,"mn":"ADBE Vector Group","hd":false}],"ip":42,"op":376,"st":78,"bm":0},{"ddd":0,"ind":6,"ty":4,"nm":"1 text","parent":5,"sr":1,"ks":{"o":{"a":0,"k":100,"ix":11},"r":{"a":0,"k":0,"ix":10},"p":{"a":0,"k":[211.276,287.277,0],"ix":2},"a":{"a":0,"k":[0,0,0],"ix":1},"s":{"a":0,"k":[299,299,100],"ix":6}},"ao":0,"shapes":[{"ty":"gr","it":[{"ind":0,"ty":"sh","ix":1,"ks":{"a":0,"k":{"i":[[0,0],[0,0],[0,0],[0,0],[0,0],[0.271,-0.965],[0.913,-0.965],[2.122,-0.47],[3.331,-0.148],[0,0]],"o":[[0,0],[0,0],[0,0],[0,0],[0,0.47],[-0.469,1.608],[-1.332,1.41],[-1.332,0.297],[0,0],[0,0]],"v":[[-3.21,-37.109],[-3.21,0],[7.626,0],[7.626,-53.809],[-1.206,-53.809],[-1.613,-51.656],[-3.686,-47.797],[-8.869,-44.977],[-15.864,-44.309],[-15.864,-37.109]],"c":true},"ix":2},"nm":"1","mn":"ADBE Vector Shape - Group","hd":false},{"ty":"st","c":{"a":0,"k":[0.03529411764705882,0.17647058823529413,0.9529411764705882,1],"ix":3},"o":{"a":0,"k":100,"ix":4},"w":{"a":0,"k":2,"ix":5},"lc":1,"lj":1,"ml":4,"bm":0,"nm":"Stroke 1","mn":"ADBE Vector Graphic - Stroke","hd":false},{"ty":"gf","o":{"a":0,"k":100,"ix":10},"r":1,"bm":0,"g":{"p":5,"k":{"a":0,"k":[0,0.859,0.694,0.29,0.252,0.855,0.678,0.286,0.505,0.851,0.663,0.282,0.752,0.802,0.618,0.21,1,0.753,0.573,0.137],"ix":9}},"s":{"a":0,"k":[0,0],"ix":5},"e":{"a":0,"k":[100,0],"ix":6},"t":1,"nm":"Gradient Fill 1","mn":"ADBE Vector Graphic - G-Fill","hd":false},{"ty":"tr","p":{"a":0,"k":[0,0],"ix":2},"a":{"a":0,"k":[0,0],"ix":1},"s":{"a":0,"k":[100,100],"ix":3},"r":{"a":0,"k":0,"ix":6},"o":{"a":0,"k":100,"ix":7},"sk":{"a":0,"k":0,"ix":4},"sa":{"a":0,"k":0,"ix":5},"nm":"Transform"}],"nm":"1","np":3,"cix":2,"bm":0,"ix":1,"mn":"ADBE Vector Group","hd":false},{"ty":"gr","it":[{"ind":0,"ty":"sh","ix":1,"ks":{"a":0,"k":{"i":[[-4.154,-2.992],[-5.986,0],[-3.574,2.323],[0,5.628],[2.903,2.368],[4.198,1.162],[3.171,0.804],[0,1.564],[-4.02,0],[-1.385,-0.848],[0.089,-2.01],[0,0],[3.975,2.77],[5.27,0],[3.618,-2.233],[0,-4.824],[-2.948,-2.367],[-4.288,-1.206],[-3.127,-0.848],[0,-1.831],[1.608,-0.848],[2.099,0],[0.223,4.958],[0,0]],"o":[[3.662,2.636],[5.985,0],[4.332,-2.724],[0,-3.93],[-2.144,-1.742],[-3.172,-0.848],[-2.904,-0.982],[0,-2.724],[2.188,0],[1.652,0.983],[0,0],[-0.045,-5.047],[-3.484,-2.456],[-5.137,0],[-4.244,2.636],[0,3.931],[2.099,1.698],[3.171,0.894],[2.858,1.072],[0,1.653],[-1.385,0.76],[-5.807,0],[0,0],[0.044,5.762]],"v":[[-27.536,-2.948],[-13.064,1.005],[1.274,-2.479],[7.773,-15.008],[3.418,-24.455],[-6.096,-28.81],[-15.61,-31.289],[-19.965,-35.108],[-13.935,-39.195],[-8.575,-37.922],[-6.23,-33.433],[6.232,-33.433],[0.202,-45.158],[-12.93,-48.843],[-26.062,-45.493],[-32.427,-34.304],[-28.005,-24.857],[-18.424,-20.502],[-8.977,-17.889],[-4.689,-13.534],[-7.101,-9.782],[-12.327,-8.643],[-21.372,-16.08],[-33.834,-16.08]],"c":true},"ix":2},"nm":"S","mn":"ADBE Vector Shape - Group","hd":false},{"ty":"gf","o":{"a":0,"k":100,"ix":10},"r":1,"bm":0,"g":{"p":5,"k":{"a":0,"k":[0,0.859,0.694,0.29,0.252,0.855,0.678,0.286,0.505,0.851,0.663,0.282,0.752,0.802,0.618,0.21,1,0.753,0.573,0.137],"ix":9}},"s":{"a":0,"k":[-18.471,-35.489],"ix":5},"e":{"a":0,"k":[24.19,-13.729],"ix":6},"t":1,"nm":"Gradient Fill 1","mn":"ADBE Vector Graphic - G-Fill","hd":false},{"ty":"tr","p":{"a":0,"k":[24,-20],"ix":2},"a":{"a":0,"k":[0,0],"ix":1},"s":{"a":0,"k":[33,33],"ix":3},"r":{"a":0,"k":0,"ix":6},"o":{"a":0,"k":100,"ix":7},"sk":{"a":0,"k":0,"ix":4},"sa":{"a":0,"k":0,"ix":5},"nm":"Transform"}],"nm":"S","np":3,"cix":2,"bm":0,"ix":2,"mn":"ADBE Vector Group","hd":false},{"ty":"gr","it":[{"ind":0,"ty":"sh","ix":1,"ks":{"a":0,"k":{"i":[[0,0],[0,0],[0,0],[0,0],[0,0],[0,0],[0,0],[0,0],[-1.653,-1.697],[-4.824,0],[-1.34,0.089],[-0.536,0],[0,0],[0.647,-0.044],[0.312,0],[0,2.234],[0,0],[0,0],[0,0]],"o":[[0,0],[0,0],[0,0],[0,0],[0,0],[0,0],[0,0],[0,4.78],[1.652,1.698],[0.759,0],[1.518,-0.134],[0,0],[-0.358,0],[-0.648,0.045],[-2.725,0],[0,0],[0,0],[0,0],[0,0]],"v":[[27.068,-34.773],[27.068,-45.292],[15.678,-45.292],[15.678,-34.773],[9.916,-34.773],[9.916,-27.403],[15.678,-27.403],[15.678,-11.926],[18.157,-2.211],[27.872,0.335],[31.021,0.201],[34.103,0],[34.103,-8.375],[32.596,-8.308],[31.155,-8.241],[27.068,-11.591],[27.068,-27.403],[34.103,-27.403],[34.103,-34.773]],"c":true},"ix":2},"nm":"t","mn":"ADBE Vector Shape - Group","hd":false},{"ty":"gf","o":{"a":0,"k":100,"ix":10},"r":1,"bm":0,"g":{"p":5,"k":{"a":0,"k":[0,0.859,0.694,0.29,0.252,0.855,0.678,0.286,0.505,0.851,0.663,0.282,0.752,0.802,0.618,0.21,1,0.753,0.573,0.137],"ix":9}},"s":{"a":0,"k":[-18.471,-35.489],"ix":5},"e":{"a":0,"k":[24.19,-13.729],"ix":6},"t":1,"nm":"Gradient Fill 1","mn":"ADBE Vector Graphic - G-Fill","hd":false},{"ty":"tr","p":{"a":0,"k":[24,-20],"ix":2},"a":{"a":0,"k":[0,0],"ix":1},"s":{"a":0,"k":[33,33],"ix":3},"r":{"a":0,"k":0,"ix":6},"o":{"a":0,"k":100,"ix":7},"sk":{"a":0,"k":0,"ix":4},"sa":{"a":0,"k":0,"ix":5},"nm":"Transform"}],"nm":"t","np":3,"cix":2,"bm":0,"ix":3,"mn":"ADBE Vector Group","hd":false}],"ip":42,"op":376,"st":42,"bm":0},{"ddd":0,"ind":7,"ty":4,"nm":"Stere_1.2","cl":"2","parent":8,"sr":1,"ks":{"o":{"a":0,"k":100,"ix":11},"r":{"a":0,"k":0,"ix":10},"p":{"a":0,"k":[160.724,15.278,0],"ix":2},"a":{"a":0,"k":[0,290.5,0],"ix":1},"s":{"a":0,"k":[99.819,99.819,100],"ix":6}},"ao":0,"shapes":[{"ty":"gr","it":[{"ind":0,"ty":"sh","ix":1,"ks":{"a":0,"k":{"i":[[0,0],[-153,0],[0,0]],"o":[[0,0],[153,0],[0,0]],"v":[[-161,286],[-2,295],[161,286]],"c":false},"ix":2},"nm":"Path 1","mn":"ADBE Vector Shape - Group","hd":false},{"ty":"st","c":{"a":0,"k":[0.8941176470588236,0.37254901960784315,0.37254901960784315,1],"ix":3},"o":{"a":0,"k":100,"ix":4},"w":{"a":0,"k":3,"ix":5},"lc":1,"lj":1,"ml":4,"bm":0,"nm":"Stroke 1","mn":"ADBE Vector Graphic - Stroke","hd":false},{"ty":"tr","p":{"a":0,"k":[0,0],"ix":2},"a":{"a":0,"k":[0,0],"ix":1},"s":{"a":0,"k":[100,100],"ix":3},"r":{"a":0,"k":0,"ix":6},"o":{"a":0,"k":100,"ix":7},"sk":{"a":0,"k":0,"ix":4},"sa":{"a":0,"k":0,"ix":5},"nm":"Transform"}],"nm":"Shape 1","np":2,"cix":2,"bm":0,"ix":1,"mn":"ADBE Vector Group","hd":false}],"ip":32,"op":376,"st":16,"bm":0},{"ddd":0,"ind":8,"ty":4,"nm":"Stere_1","sr":1,"ks":{"o":{"a":0,"k":100,"ix":11},"r":{"a":0,"k":0,"ix":10},"p":{"a":0,"k":[600.277,953.292,0],"ix":2},"a":{"a":0,"k":[161,54,0],"ix":1},"s":{"a":1,"k":[{"i":{"x":[0.833,0.833,0.833],"y":[0.609,0.609,1]},"o":{"x":[0.167,0.167,0.167],"y":[0.167,0.167,0]},"t":32,"s":[0,0,100]},{"i":{"x":[0.833,0.833,0.833],"y":[0.82,0.82,1]},"o":{"x":[0.167,0.167,0.167],"y":[0.106,0.106,0]},"t":36,"s":[7.716,7.716,100]},{"i":{"x":[0.833,0.833,0.833],"y":[0.866,0.866,1]},"o":{"x":[0.167,0.167,0.167],"y":[0.155,0.155,0]},"t":40,"s":[36.228,36.228,100]},{"i":{"x":[0.833,0.833,0.833],"y":[0.94,0.94,1]},"o":{"x":[0.167,0.167,0.167],"y":[0.221,0.221,0]},"t":44,"s":[69.444,69.444,100]},{"i":{"x":[0.833,0.833,0.833],"y":[1.031,1.031,1]},"o":{"x":[0.167,0.167,0.167],"y":[-0.219,-0.219,0]},"t":48,"s":[89.557,89.557,100]},{"i":{"x":[0.833,0.833,0.833],"y":[0.852,0.852,1]},"o":{"x":[0.167,0.167,0.167],"y":[0.022,0.022,0]},"t":52,"s":[84.012,84.012,100]},{"i":{"x":[0.833,0.833,0.833],"y":[0.881,0.881,1]},"o":{"x":[0.167,0.167,0.167],"y":[0.191,0.191,0]},"t":56,"s":[91.589,91.589,100]},{"i":{"x":[0.833,0.833,0.833],"y":[0.998,0.998,1]},"o":{"x":[0.167,0.167,0.167],"y":[0.276,0.276,0]},"t":60,"s":[97.464,97.464,100]},{"i":{"x":[0.833,0.833,0.833],"y":[1,1,1]},"o":{"x":[0.167,0.167,0.167],"y":[0.419,0.419,0]},"t":64,"s":[100,100,100]},{"i":{"x":[0.833,0.833,0.833],"y":[1,1,1]},"o":{"x":[0.167,0.167,0.167],"y":[0,0,0]},"t":496,"s":[100,100,100]},{"i":{"x":[0.833,0.833,0.833],"y":[1,1,1]},"o":{"x":[0.167,0.167,0.167],"y":[0,0,0]},"t":500,"s":[100,100,100]},{"i":{"x":[0.833,0.833,0.833],"y":[1,1,1]},"o":{"x":[0.167,0.167,0.167],"y":[0,0,0]},"t":504,"s":[100,100,100]},{"i":{"x":[0.833,0.833,0.833],"y":[1,1,1]},"o":{"x":[0.167,0.167,0.167],"y":[0,0,0]},"t":508,"s":[100,100,100]},{"i":{"x":[0.833,0.833,0.833],"y":[1,1,1]},"o":{"x":[0.167,0.167,0.167],"y":[0,0,0]},"t":512,"s":[100,100,100]},{"i":{"x":[0.833,0.833,0.833],"y":[1,1,1]},"o":{"x":[0.167,0.167,0.167],"y":[0,0,0]},"t":516,"s":[100,100,100]},{"i":{"x":[0.833,0.833,0.833],"y":[1,1,1]},"o":{"x":[0.167,0.167,0.167],"y":[0,0,0]},"t":520,"s":[100,100,100]},{"i":{"x":[0.833,0.833,0.833],"y":[1,1,1]},"o":{"x":[0.167,0.167,0.167],"y":[0,0,0]},"t":524,"s":[100,100,100]},{"t":528,"s":[100,100,100]}],"ix":6}},"ao":0,"shapes":[{"ty":"gr","it":[{"ind":0,"ty":"sh","ix":1,"ks":{"a":0,"k":{"i":[[0,0],[0,0],[0,0.007],[88.615,0],[0,-5.755],[0,-0.007],[0,0],[0,0],[0,0],[0,-0.001],[-88.615,0],[0,5.755],[0,0],[0,0]],"o":[[0,0],[0,-0.007],[0,-5.755],[-88.615,0],[0,0.007],[0,0],[0,0],[0,0],[0,0.001],[0,5.755],[88.615,0],[0,0],[0,0],[0,0]],"v":[[160.473,-15.819],[160.455,-15.819],[160.459,-15.84],[0.008,-26.259],[-160.444,-15.84],[-160.44,-15.819],[-160.473,-15.819],[-160.473,15.836],[-160.443,15.836],[-160.444,15.84],[0.008,26.259],[160.459,15.84],[160.459,15.836],[160.473,15.836]],"c":true},"ix":2},"nm":"Path 1","mn":"ADBE Vector Shape - Group","hd":false},{"ty":"gf","o":{"a":0,"k":100,"ix":10},"r":1,"bm":0,"g":{"p":5,"k":{"a":0,"k":[0,0.859,0.694,0.29,0.252,0.855,0.678,0.286,0.505,0.851,0.663,0.282,0.752,0.802,0.618,0.21,1,0.753,0.573,0.137],"ix":9}},"s":{"a":0,"k":[0,0],"ix":5},"e":{"a":0,"k":[100,0],"ix":6},"t":1,"nm":"Gradient Fill 1","mn":"ADBE Vector Graphic - G-Fill","hd":false},{"ty":"tr","p":{"a":0,"k":[160.723,26.51],"ix":2},"a":{"a":0,"k":[0,0],"ix":1},"s":{"a":0,"k":[100,100],"ix":3},"r":{"a":0,"k":0,"ix":6},"o":{"a":0,"k":100,"ix":7},"sk":{"a":0,"k":0,"ix":4},"sa":{"a":0,"k":0,"ix":5},"nm":"Transform"}],"nm":"Group 1","np":2,"cix":2,"bm":0,"ix":1,"mn":"ADBE Vector Group","hd":false}],"ip":32,"op":376,"st":24,"bm":0},{"ddd":0,"ind":9,"ty":4,"nm":"Stere_2.2","cl":"2","parent":10,"sr":1,"ks":{"o":{"a":0,"k":100,"ix":11},"r":{"a":0,"k":0,"ix":10},"p":{"a":0,"k":[221.053,20.793,0],"ix":2},"a":{"a":0,"k":[0,290.5,0],"ix":1},"s":{"a":0,"k":[135.75,135.75,100],"ix":6}},"ao":0,"shapes":[{"ty":"gr","it":[{"ind":0,"ty":"sh","ix":1,"ks":{"a":0,"k":{"i":[[0,0],[-153,0],[0,0]],"o":[[0,0],[153,0],[0,0]],"v":[[-162.103,282.323],[-2,295],[162.103,282.235]],"c":false},"ix":2},"nm":"Path 1","mn":"ADBE Vector Shape - Group","hd":false},{"ty":"st","c":{"a":0,"k":[0.8941176470588236,0.37254901960784315,0.37254901960784315,1],"ix":3},"o":{"a":0,"k":100,"ix":4},"w":{"a":0,"k":2,"ix":5},"lc":1,"lj":1,"ml":4,"bm":0,"nm":"Stroke 1","mn":"ADBE Vector Graphic - Stroke","hd":false},{"ty":"tr","p":{"a":0,"k":[0,0],"ix":2},"a":{"a":0,"k":[0,0],"ix":1},"s":{"a":0,"k":[100,100],"ix":3},"r":{"a":0,"k":0,"ix":6},"o":{"a":0,"k":100,"ix":7},"sk":{"a":0,"k":0,"ix":4},"sa":{"a":0,"k":0,"ix":5},"nm":"Transform"}],"nm":"Shape 1","np":2,"cix":2,"bm":0,"ix":1,"mn":"ADBE Vector Group","hd":false}],"ip":16,"op":364,"st":4,"bm":0},{"ddd":0,"ind":10,"ty":4,"nm":"Stere_2","sr":1,"ks":{"o":{"a":0,"k":100,"ix":11},"r":{"a":0,"k":0,"ix":10},"p":{"a":0,"k":[600.448,1008.794,0],"ix":2},"a":{"a":0,"k":[221.5,68,0],"ix":1},"s":{"a":1,"k":[{"i":{"x":[0.833,0.833,0.833],"y":[0.609,0.609,1]},"o":{"x":[0.167,0.167,0.167],"y":[0.167,0.167,0]},"t":16,"s":[0,0,100]},{"i":{"x":[0.833,0.833,0.833],"y":[0.82,0.82,1]},"o":{"x":[0.167,0.167,0.167],"y":[0.106,0.106,0]},"t":20,"s":[7.716,7.716,100]},{"i":{"x":[0.833,0.833,0.833],"y":[0.866,0.866,1]},"o":{"x":[0.167,0.167,0.167],"y":[0.155,0.155,0]},"t":24,"s":[36.228,36.228,100]},{"i":{"x":[0.833,0.833,0.833],"y":[0.94,0.94,1]},"o":{"x":[0.167,0.167,0.167],"y":[0.221,0.221,0]},"t":28,"s":[69.444,69.444,100]},{"i":{"x":[0.833,0.833,0.833],"y":[1.031,1.031,1]},"o":{"x":[0.167,0.167,0.167],"y":[-0.219,-0.219,0]},"t":32,"s":[89.557,89.557,100]},{"i":{"x":[0.833,0.833,0.833],"y":[0.852,0.852,1]},"o":{"x":[0.167,0.167,0.167],"y":[0.022,0.022,0]},"t":36,"s":[84.012,84.012,100]},{"i":{"x":[0.833,0.833,0.833],"y":[0.881,0.881,1]},"o":{"x":[0.167,0.167,0.167],"y":[0.191,0.191,0]},"t":40,"s":[91.589,91.589,100]},{"i":{"x":[0.833,0.833,0.833],"y":[0.998,0.998,1]},"o":{"x":[0.167,0.167,0.167],"y":[0.276,0.276,0]},"t":44,"s":[97.464,97.464,100]},{"i":{"x":[0.833,0.833,0.833],"y":[1,1,1]},"o":{"x":[0.167,0.167,0.167],"y":[0.419,0.419,0]},"t":48,"s":[100,100,100]},{"i":{"x":[0.833,0.833,0.833],"y":[1,1,1]},"o":{"x":[0.167,0.167,0.167],"y":[0,0,0]},"t":456,"s":[100,100,100]},{"i":{"x":[0.833,0.833,0.833],"y":[1,1,1]},"o":{"x":[0.167,0.167,0.167],"y":[0,0,0]},"t":460,"s":[100,100,100]},{"i":{"x":[0.833,0.833,0.833],"y":[1,1,1]},"o":{"x":[0.167,0.167,0.167],"y":[0,0,0]},"t":464,"s":[100,100,100]},{"i":{"x":[0.833,0.833,0.833],"y":[1,1,1]},"o":{"x":[0.167,0.167,0.167],"y":[0,0,0]},"t":468,"s":[100,100,100]},{"i":{"x":[0.833,0.833,0.833],"y":[1,1,1]},"o":{"x":[0.167,0.167,0.167],"y":[0,0,0]},"t":472,"s":[100,100,100]},{"i":{"x":[0.833,0.833,0.833],"y":[1,1,1]},"o":{"x":[0.167,0.167,0.167],"y":[0,0,0]},"t":476,"s":[100,100,100]},{"i":{"x":[0.833,0.833,0.833],"y":[1,1,1]},"o":{"x":[0.167,0.167,0.167],"y":[0,0,0]},"t":480,"s":[100,100,100]},{"i":{"x":[0.833,0.833,0.833],"y":[1,1,1]},"o":{"x":[0.167,0.167,0.167],"y":[0,0,0]},"t":484,"s":[100,100,100]},{"i":{"x":[0.833,0.833,0.833],"y":[1,1,1]},"o":{"x":[0.167,0.167,0.167],"y":[0,0,0]},"t":488,"s":[100,100,100]},{"i":{"x":[0.833,0.833,0.833],"y":[1,1,1]},"o":{"x":[0.167,0.167,0.167],"y":[0,0,0]},"t":492,"s":[100,100,100]},{"i":{"x":[0.833,0.833,0.833],"y":[1,1,1]},"o":{"x":[0.167,0.167,0.167],"y":[0,0,0]},"t":496,"s":[100,100,100]},{"i":{"x":[0.833,0.833,0.833],"y":[1,1,1]},"o":{"x":[0.167,0.167,0.167],"y":[0,0,0]},"t":500,"s":[100,100,100]},{"i":{"x":[0.833,0.833,0.833],"y":[1,1,1]},"o":{"x":[0.167,0.167,0.167],"y":[0,0,0]},"t":504,"s":[100,100,100]},{"t":508,"s":[100,100,100]}],"ix":6}},"ao":0,"shapes":[{"ty":"gr","it":[{"d":1,"ty":"el","s":{"a":0,"k":[414.758,22.152],"ix":2},"p":{"a":0,"k":[0,-7],"ix":3},"nm":"Ellipse Path 1","mn":"ADBE Vector Shape - Ellipse","hd":false},{"ty":"gf","o":{"a":0,"k":100,"ix":10},"r":1,"bm":0,"g":{"p":5,"k":{"a":0,"k":[0,0.859,0.694,0.29,0.252,0.855,0.678,0.286,0.505,0.851,0.663,0.282,0.752,0.802,0.618,0.21,1,0.753,0.573,0.137],"ix":9}},"s":{"a":0,"k":[1.965,-6.152],"ix":5},"e":{"a":0,"k":[94.078,-6.801],"ix":6},"t":2,"h":{"a":0,"k":0,"ix":7},"a":{"a":0,"k":0,"ix":8},"nm":"Gradient Fill 1","mn":"ADBE Vector Graphic - G-Fill","hd":false},{"ty":"tr","p":{"a":0,"k":[221.931,14.283],"ix":2},"a":{"a":0,"k":[0,0],"ix":1},"s":{"a":0,"k":[100,100],"ix":3},"r":{"a":0,"k":0,"ix":6},"o":{"a":0,"k":100,"ix":7},"sk":{"a":0,"k":0,"ix":4},"sa":{"a":0,"k":0,"ix":5},"nm":"Transform"}],"nm":"Ellipse 1","np":3,"cix":2,"bm":0,"ix":1,"mn":"ADBE Vector Group","hd":false},{"ty":"gr","it":[{"ind":0,"ty":"sh","ix":1,"ks":{"a":0,"k":{"i":[[0,0],[0,0],[0,0.009],[34.413,2.529],[0,0],[0,0],[0,0],[6.039,-0.927],[14.881,-0.966],[42.962,0],[30.41,1.975],[8.225,1.263],[2.963,2.097],[0,0],[0,0],[0,0],[0,-3.64],[0,-0.01],[0,0],[0,0],[0,0],[0,-0.002],[-121.929,0],[0,7.918],[0,0.003],[0,0]],"o":[[0,0],[0.001,-0.01],[0,-3.64],[0,0],[0,0],[0,0],[-2.963,2.097],[-8.226,1.263],[-30.41,1.975],[-42.963,0],[-14.88,-0.966],[-6.039,-0.927],[0,0],[0,0],[0,0],[-34.401,2.529],[0,0.009],[0,0],[0,0],[0,0],[0,0.003],[0,7.918],[121.931,0],[0,-0.002],[0,0],[0,0]],"v":[[220.802,-24.188],[220.778,-24.188],[220.783,-24.217],[165.473,-33.709],[165.473,-31.115],[165.459,-26.115],[162.752,-26.115],[148.61,-22.113],[113.788,-18.753],[0.008,-15.691],[-113.773,-18.753],[-148.594,-22.113],[-162.737,-26.115],[-165.473,-26.115],[-165.473,-31.115],[-165.473,-33.707],[-220.762,-24.217],[-220.757,-24.188],[-220.802,-24.188],[-220.802,19.366],[-220.761,19.366],[-220.762,19.373],[0.01,33.709],[220.783,19.373],[220.782,19.366],[220.802,19.366]],"c":true},"ix":2},"nm":"Path 1","mn":"ADBE Vector Shape - Group","hd":false},{"ty":"gf","o":{"a":0,"k":100,"ix":10},"r":1,"bm":0,"g":{"p":5,"k":{"a":0,"k":[0,0.859,0.694,0.29,0.252,0.855,0.678,0.286,0.505,0.851,0.663,0.282,0.752,0.802,0.618,0.21,1,0.753,0.573,0.137],"ix":9}},"s":{"a":0,"k":[0,0],"ix":5},"e":{"a":0,"k":[58.352,-46.743],"ix":6},"t":1,"nm":"Gradient Fill 1","mn":"ADBE Vector Graphic - G-Fill","hd":false},{"ty":"tr","p":{"a":0,"k":[221.052,33.959],"ix":2},"a":{"a":0,"k":[0,0],"ix":1},"s":{"a":0,"k":[100,100],"ix":3},"r":{"a":0,"k":0,"ix":6},"o":{"a":0,"k":100,"ix":7},"sk":{"a":0,"k":0,"ix":4},"sa":{"a":0,"k":0,"ix":5},"nm":"Transform"}],"nm":"Group 1","np":2,"cix":2,"bm":0,"ix":2,"mn":"ADBE Vector Group","hd":false}],"ip":16,"op":364,"st":4,"bm":0},{"ddd":0,"ind":11,"ty":4,"nm":"Stere_3.2","cl":"2","parent":12,"sr":1,"ks":{"o":{"a":0,"k":100,"ix":11},"r":{"a":0,"k":0,"ix":10},"p":{"a":0,"k":[269.101,25.292,0],"ix":2},"a":{"a":0,"k":[0,290.5,0],"ix":1},"s":{"a":0,"k":[136,136,100],"ix":6}},"ao":0,"shapes":[{"ty":"gr","it":[{"ind":0,"ty":"sh","ix":1,"ks":{"a":0,"k":{"i":[[0,0],[-153,0],[0,0]],"o":[[0,0],[153,0],[0,0]],"v":[[-197.368,279.484],[-2,295],[197.427,279.505]],"c":false},"ix":2},"nm":"Path 1","mn":"ADBE Vector Shape - Group","hd":false},{"ty":"st","c":{"a":0,"k":[0.8941176470588236,0.37254901960784315,0.37254901960784315,1],"ix":3},"o":{"a":0,"k":100,"ix":4},"w":{"a":0,"k":2,"ix":5},"lc":1,"lj":1,"ml":4,"bm":0,"nm":"Stroke 1","mn":"ADBE Vector Graphic - Stroke","hd":false},{"ty":"tr","p":{"a":0,"k":[0,0],"ix":2},"a":{"a":0,"k":[0,0],"ix":1},"s":{"a":0,"k":[100,100],"ix":3},"r":{"a":0,"k":0,"ix":6},"o":{"a":0,"k":100,"ix":7},"sk":{"a":0,"k":0,"ix":4},"sa":{"a":0,"k":0,"ix":5},"nm":"Transform"}],"nm":"Shape 1","np":2,"cix":2,"bm":0,"ix":1,"mn":"ADBE Vector Group","hd":false}],"ip":0,"op":360,"st":0,"bm":0},{"ddd":0,"ind":12,"ty":4,"nm":"Stere_3","sr":1,"ks":{"o":{"a":0,"k":100,"ix":11},"r":{"a":0,"k":0,"ix":10},"p":{"a":0,"k":[600.398,1075.208,0],"ix":2},"a":{"a":0,"k":[269.5,81,0],"ix":1},"s":{"a":1,"k":[{"i":{"x":[0.833,0.833,0.833],"y":[0.885,0.885,-2.148]},"o":{"x":[0.167,0.167,0.167],"y":[0.167,0.167,0]},"t":8,"s":[0,0,100]},{"i":{"x":[0.833,0.833,0.833],"y":[1,1,1]},"o":{"x":[0.167,0.167,0.167],"y":[0.304,0.304,3.148]},"t":12,"s":[100,100,100]},{"i":{"x":[0.833,0.833,0.833],"y":[0.904,0.904,1.496]},"o":{"x":[0.167,0.167,0.167],"y":[0,0,0]},"t":16,"s":[137.775,137.775,100]},{"i":{"x":[0.833,0.833,0.833],"y":[1,1,1]},"o":{"x":[0.167,0.167,0.167],"y":[0.613,0.613,-0.496]},"t":20,"s":[100,100,100]},{"i":{"x":[0.833,0.833,0.833],"y":[0.902,0.902,0.912]},"o":{"x":[0.167,0.167,0.167],"y":[0,0,0]},"t":24,"s":[94.052,94.052,100]},{"i":{"x":[0.833,0.833,0.833],"y":[1,1,1]},"o":{"x":[0.167,0.167,0.167],"y":[0.554,0.554,0.088]},"t":28,"s":[100,100,100]},{"i":{"x":[0.833,0.833,0.833],"y":[0.917,0.917,1]},"o":{"x":[0.167,0.167,0.167],"y":[0,0,0]},"t":32,"s":[101.052,101.052,100]},{"i":{"x":[0.833,0.833,0.833],"y":[1,1,1]},"o":{"x":[0.167,0.167,0.167],"y":[-0.088,-0.088,0]},"t":36,"s":[100,100,100]},{"i":{"x":[0.833,0.833,0.833],"y":[1,1,1]},"o":{"x":[0.167,0.167,0.167],"y":[0,0,0]},"t":40,"s":[100,100,100]},{"i":{"x":[0.833,0.833,0.833],"y":[1,1,1]},"o":{"x":[0.167,0.167,0.167],"y":[0,0,0]},"t":452,"s":[100,100,100]},{"i":{"x":[0.833,0.833,0.833],"y":[1,1,1]},"o":{"x":[0.167,0.167,0.167],"y":[0,0,0]},"t":456,"s":[100,100,100]},{"i":{"x":[0.833,0.833,0.833],"y":[1,1,1]},"o":{"x":[0.167,0.167,0.167],"y":[0,0,0]},"t":460,"s":[100,100,100]},{"i":{"x":[0.833,0.833,0.833],"y":[1,1,1]},"o":{"x":[0.167,0.167,0.167],"y":[0,0,0]},"t":464,"s":[100,100,100]},{"i":{"x":[0.833,0.833,0.833],"y":[1,1,1]},"o":{"x":[0.167,0.167,0.167],"y":[0,0,0]},"t":468,"s":[100,100,100]},{"i":{"x":[0.833,0.833,0.833],"y":[1,1,1]},"o":{"x":[0.167,0.167,0.167],"y":[0,0,0]},"t":472,"s":[100,100,100]},{"i":{"x":[0.833,0.833,0.833],"y":[1,1,1]},"o":{"x":[0.167,0.167,0.167],"y":[0,0,0]},"t":476,"s":[100,100,100]},{"i":{"x":[0.833,0.833,0.833],"y":[1,1,1]},"o":{"x":[0.167,0.167,0.167],"y":[0,0,0]},"t":480,"s":[100,100,100]},{"i":{"x":[0.833,0.833,0.833],"y":[1,1,1]},"o":{"x":[0.167,0.167,0.167],"y":[0,0,0]},"t":484,"s":[100,100,100]},{"i":{"x":[0.833,0.833,0.833],"y":[1,1,1]},"o":{"x":[0.167,0.167,0.167],"y":[0,0,0]},"t":488,"s":[100,100,100]},{"i":{"x":[0.833,0.833,0.833],"y":[1,1,1]},"o":{"x":[0.167,0.167,0.167],"y":[0,0,0]},"t":492,"s":[100,100,100]},{"i":{"x":[0.833,0.833,0.833],"y":[1,1,1]},"o":{"x":[0.167,0.167,0.167],"y":[0,0,0]},"t":496,"s":[100,100,100]},{"i":{"x":[0.833,0.833,0.833],"y":[1,1,1]},"o":{"x":[0.167,0.167,0.167],"y":[0,0,0]},"t":500,"s":[100,100,100]},{"i":{"x":[0.833,0.833,0.833],"y":[1,1,1]},"o":{"x":[0.167,0.167,0.167],"y":[0,0,0]},"t":504,"s":[100,100,100]},{"i":{"x":[0.833,0.833,0.833],"y":[1,1,1]},"o":{"x":[0.167,0.167,0.167],"y":[0,0,0]},"t":508,"s":[100,100,100]},{"t":512,"s":[100,100,100]}],"ix":6}},"ao":0,"shapes":[{"ty":"gr","it":[{"ind":0,"ty":"sh","ix":1,"ks":{"a":0,"k":{"i":[[0,0],[0,0],[0,0.012],[27.216,2.73],[0,0],[0,0],[0,0],[9.49,-1.457],[20.421,-1.326],[59.074,0],[41.803,2.715],[11.263,1.729],[3.234,2.601],[0,0],[0,0],[0,0],[0,-3.492],[0,-0.012],[0,0],[0,0],[0,0],[0,-0.003],[-148.463,0],[0,9.642],[0,0.003],[0,0]],"o":[[0,0],[0,-0.012],[0,-3.494],[0,0],[0,0],[0,0],[-3.233,2.601],[-11.263,1.729],[-41.803,2.715],[-59.075,0],[-20.42,-1.326],[-9.491,-1.457],[0,0],[0,0],[0,0],[-27.2,2.729],[0,0.012],[0,0],[0,0],[0,0],[0,0.003],[0,9.642],[148.463,0],[0,-0.003],[0,0],[0,0]],"v":[[268.852,-30.492],[268.822,-30.492],[268.83,-30.527],[225.801,-40.004],[225.801,-34.345],[225.783,-29.345],[223.311,-29.345],[204.193,-23.815],[156.444,-19.211],[0.011,-15],[-156.423,-19.211],[-204.171,-23.815],[-223.29,-29.345],[-225.802,-29.345],[-225.802,-34.345],[-225.802,-40.001],[-268.803,-30.527],[-268.796,-30.492],[-268.851,-30.492],[-268.851,22.539],[-268.802,22.539],[-268.803,22.547],[0.013,40.004],[268.83,22.547],[268.829,22.539],[268.852,22.539]],"c":true},"ix":2},"nm":"Path 1","mn":"ADBE Vector Shape - Group","hd":false},{"ty":"gf","o":{"a":0,"k":100,"ix":10},"r":1,"bm":0,"g":{"p":5,"k":{"a":0,"k":[0,0.859,0.694,0.29,0.252,0.855,0.678,0.286,0.505,0.851,0.663,0.282,0.752,0.802,0.618,0.21,1,0.753,0.573,0.137],"ix":9}},"s":{"a":0,"k":[3.492,-8.539],"ix":5},"e":{"a":0,"k":[45.859,36.523],"ix":6},"t":1,"nm":"Gradient Fill 1","mn":"ADBE Vector Graphic - G-Fill","hd":false},{"ty":"tr","p":{"a":0,"k":[269.102,40.255],"ix":2},"a":{"a":0,"k":[0,0],"ix":1},"s":{"a":0,"k":[100,100],"ix":3},"r":{"a":0,"k":0,"ix":6},"o":{"a":0,"k":100,"ix":7},"sk":{"a":0,"k":0,"ix":4},"sa":{"a":0,"k":0,"ix":5},"nm":"Transform"}],"nm":"Group 1","np":2,"cix":2,"bm":0,"ix":1,"mn":"ADBE Vector Group","hd":false},{"ty":"gr","it":[{"d":1,"ty":"el","s":{"a":0,"k":[488.442,39.733],"ix":2},"p":{"a":0,"k":[81,6],"ix":3},"nm":"Ellipse Path 1","mn":"ADBE Vector Shape - Ellipse","hd":false},{"ty":"gf","o":{"a":0,"k":100,"ix":10},"r":1,"bm":0,"g":{"p":5,"k":{"a":0,"k":[0,0.859,0.694,0.29,0.252,0.855,0.678,0.286,0.505,0.851,0.663,0.282,0.752,0.802,0.618,0.21,1,0.753,0.573,0.137],"ix":9}},"s":{"a":0,"k":[83.352,5.432],"ix":5},"e":{"a":0,"k":[183.188,4.322],"ix":6},"t":2,"h":{"a":0,"k":0,"ix":7},"a":{"a":0,"k":0,"ix":8},"nm":"Gradient Fill 1","mn":"ADBE Vector Graphic - G-Fill","hd":false},{"ty":"tr","p":{"a":0,"k":[187.931,2.085],"ix":2},"a":{"a":0,"k":[0,0],"ix":1},"s":{"a":0,"k":[100,100],"ix":3},"r":{"a":0,"k":0,"ix":6},"o":{"a":0,"k":100,"ix":7},"sk":{"a":0,"k":0,"ix":4},"sa":{"a":0,"k":0,"ix":5},"nm":"Transform"}],"nm":"Ellipse 1","np":3,"cix":2,"bm":0,"ix":2,"mn":"ADBE Vector Group","hd":false}],"ip":8,"op":360,"st":8,"bm":0},{"ddd":0,"ind":13,"ty":4,"nm":"Firecracker2","sr":1,"ks":{"o":{"a":0,"k":100,"ix":11},"r":{"a":0,"k":0,"ix":10},"p":{"a":0,"k":[600,492,0],"ix":2},"a":{"a":0,"k":[0,0,0],"ix":1},"s":{"a":0,"k":[100,100,100],"ix":6}},"ao":0,"shapes":[{"ty":"gr","it":[{"ind":0,"ty":"sh","ix":1,"ks":{"a":1,"k":[{"i":{"x":0.833,"y":0.833},"o":{"x":0.167,"y":0.167},"t":76,"s":[{"i":[[0,0],[0,0]],"o":[[0,0],[0,0]],"v":[[0,-22],[2,-320]],"c":false}]},{"t":116,"s":[{"i":[[0,0],[0,0]],"o":[[0,0],[0,0]],"v":[[2,-94],[0.5,-448]],"c":false}]}],"ix":2},"nm":"Path 1","mn":"ADBE Vector Shape - Group","hd":false},{"ty":"st","c":{"a":0,"k":[0,0.047058823529411764,1,1],"ix":3},"o":{"a":0,"k":100,"ix":4},"w":{"a":1,"k":[{"i":{"x":[0.833],"y":[0.833]},"o":{"x":[0.167],"y":[0.167]},"t":76,"s":[17]},{"t":116,"s":[0]}],"ix":5},"lc":1,"lj":1,"ml":4,"bm":0,"nm":"Stroke 1","mn":"ADBE Vector Graphic - Stroke","hd":false},{"ty":"st","c":{"a":0,"k":[0,0.047058823529411764,1,1],"ix":3},"o":{"a":0,"k":100,"ix":4},"w":{"a":1,"k":[{"i":{"x":[0.555],"y":[0.692]},"o":{"x":[0.333],"y":[0]},"t":61,"s":[1]},{"t":116,"s":[0]}],"ix":5},"lc":1,"lj":1,"ml":4,"bm":0,"nm":"Stroke 2","mn":"ADBE Vector Graphic - Stroke","hd":false},{"ty":"tr","p":{"a":0,"k":[0,0],"ix":2},"a":{"a":0,"k":[0,0],"ix":1},"s":{"a":0,"k":[100,100],"ix":3},"r":{"a":0,"k":0,"ix":6},"o":{"a":0,"k":100,"ix":7},"sk":{"a":0,"k":0,"ix":4},"sa":{"a":0,"k":0,"ix":5},"nm":"Transform"}],"nm":"Shape 1","np":4,"cix":2,"bm":0,"ix":1,"mn":"ADBE Vector Group","hd":false},{"ty":"rp","c":{"a":0,"k":10,"ix":1},"o":{"a":0,"k":0,"ix":2},"m":1,"ix":2,"tr":{"ty":"tr","p":{"a":0,"k":[0,0],"ix":2},"a":{"a":0,"k":[0,0],"ix":1},"s":{"a":0,"k":[100,100],"ix":3},"r":{"a":1,"k":[{"i":{"x":[0.833],"y":[1]},"o":{"x":[0.167],"y":[0]},"t":61,"s":[36]},{"t":115.958984375,"s":[36]}],"ix":4},"so":{"a":0,"k":100,"ix":5},"eo":{"a":0,"k":100,"ix":6},"nm":"Transform"},"nm":"Repeater 1","mn":"ADBE Vector Filter - Repeater","hd":false},{"ty":"tm","s":{"a":1,"k":[{"i":{"x":[0.53],"y":[1]},"o":{"x":[0.043],"y":[0.673]},"t":61,"s":[0]},{"t":115.958984375,"s":[100]}],"ix":1},"e":{"a":1,"k":[{"i":{"x":[0.53],"y":[1]},"o":{"x":[0.351],"y":[0.679]},"t":61,"s":[0]},{"t":116,"s":[100]}],"ix":2},"o":{"a":0,"k":0,"ix":3},"m":1,"ix":3,"nm":"Trim Paths 1","mn":"ADBE Vector Filter - Trim","hd":false}],"ip":76,"op":117,"st":61,"bm":0},{"ddd":0,"ind":14,"ty":4,"nm":"Firecracker1","sr":1,"ks":{"o":{"a":0,"k":100,"ix":11},"r":{"a":0,"k":0,"ix":10},"p":{"a":0,"k":[600,492,0],"ix":2},"a":{"a":0,"k":[0,0,0],"ix":1},"s":{"a":0,"k":[100,100,100],"ix":6}},"ao":0,"shapes":[{"ty":"gr","it":[{"ind":0,"ty":"sh","ix":1,"ks":{"a":1,"k":[{"i":{"x":0.833,"y":0.833},"o":{"x":0.167,"y":0.167},"t":40,"s":[{"i":[[0,0],[0,0]],"o":[[0,0],[0,0]],"v":[[1,98],[0.5,-448]],"c":false}]},{"i":{"x":0.833,"y":0.833},"o":{"x":0.167,"y":0.167},"t":50,"s":[{"i":[[0,0],[0,0]],"o":[[0,0],[0,0]],"v":[[2,-210],[0.5,-448]],"c":false}]},{"t":80,"s":[{"i":[[0,0],[0,0]],"o":[[0,0],[0,0]],"v":[[1,98],[0.5,-448]],"c":false}]}],"ix":2},"nm":"Path 1","mn":"ADBE Vector Shape - Group","hd":false},{"ty":"st","c":{"a":0,"k":[0,0.047058823529411764,1,1],"ix":3},"o":{"a":0,"k":100,"ix":4},"w":{"a":1,"k":[{"i":{"x":[0.833],"y":[0.833]},"o":{"x":[0.167],"y":[0.167]},"t":40,"s":[5]},{"t":80,"s":[0]}],"ix":5},"lc":1,"lj":1,"ml":4,"bm":0,"nm":"Stroke 1","mn":"ADBE Vector Graphic - Stroke","hd":false},{"ty":"st","c":{"a":0,"k":[0,0.047058823529411764,1,1],"ix":3},"o":{"a":0,"k":100,"ix":4},"w":{"a":1,"k":[{"i":{"x":[0.555],"y":[0.776]},"o":{"x":[0.333],"y":[0]},"t":40,"s":[1]},{"t":80.041015625,"s":[0]}],"ix":5},"lc":1,"lj":1,"ml":4,"bm":0,"nm":"Stroke 2","mn":"ADBE Vector Graphic - Stroke","hd":false},{"ty":"tr","p":{"a":0,"k":[0,0],"ix":2},"a":{"a":0,"k":[0,0],"ix":1},"s":{"a":0,"k":[100,100],"ix":3},"r":{"a":0,"k":0,"ix":6},"o":{"a":0,"k":100,"ix":7},"sk":{"a":0,"k":0,"ix":4},"sa":{"a":0,"k":0,"ix":5},"nm":"Transform"}],"nm":"Shape 1","np":4,"cix":2,"bm":0,"ix":1,"mn":"ADBE Vector Group","hd":false},{"ty":"rp","c":{"a":0,"k":10,"ix":1},"o":{"a":0,"k":0,"ix":2},"m":1,"ix":2,"tr":{"ty":"tr","p":{"a":0,"k":[0,0],"ix":2},"a":{"a":0,"k":[0,0],"ix":1},"s":{"a":0,"k":[100,100],"ix":3},"r":{"a":1,"k":[{"i":{"x":[0.833],"y":[1]},"o":{"x":[0.167],"y":[0]},"t":40,"s":[36]},{"t":80,"s":[36]}],"ix":4},"so":{"a":0,"k":100,"ix":5},"eo":{"a":0,"k":100,"ix":6},"nm":"Transform"},"nm":"Repeater 1","mn":"ADBE Vector Filter - Repeater","hd":false},{"ty":"tm","s":{"a":1,"k":[{"i":{"x":[0.53],"y":[1]},"o":{"x":[0.043],"y":[0.49]},"t":40,"s":[0]},{"t":80,"s":[100]}],"ix":1},"e":{"a":1,"k":[{"i":{"x":[0.53],"y":[1]},"o":{"x":[0.351],"y":[0.494]},"t":40,"s":[0]},{"t":80.041015625,"s":[100]}],"ix":2},"o":{"a":0,"k":0,"ix":3},"m":1,"ix":3,"nm":"Trim Paths 1","mn":"ADBE Vector Filter - Trim","hd":false}],"ip":43,"op":81,"st":40,"bm":0},{"ddd":0,"ind":15,"ty":4,"nm":"aura","parent":5,"sr":1,"ks":{"o":{"a":0,"k":100,"ix":11},"r":{"a":0,"k":0,"ix":10},"p":{"a":0,"k":[213.276,213.277,0],"ix":2},"a":{"a":0,"k":[0,0,0],"ix":1},"s":{"a":0,"k":[81.341,81.341,100],"ix":6}},"ao":0,"shapes":[{"ty":"gr","it":[{"ind":0,"ty":"sh","ix":1,"ks":{"a":0,"k":{"i":[[0,0],[0,0]],"o":[[0,0],[0,0]],"v":[[1,0],[1,-501.938]],"c":false},"ix":2},"nm":"Path 1","mn":"ADBE Vector Shape - Group","hd":false},{"ty":"gs","o":{"a":0,"k":100,"ix":9},"w":{"a":0,"k":50,"ix":10},"g":{"p":3,"k":{"a":0,"k":[0,0.58,0.432,0.077,0.5,0.79,0.57,0.038,1,1,0.707,0,0,1,0.5,0.5,1,0],"ix":8}},"s":{"a":0,"k":[0,0],"ix":4},"e":{"a":0,"k":[411.383,0],"ix":5},"t":2,"h":{"a":0,"k":0,"ix":6},"a":{"a":0,"k":0,"ix":7},"lc":1,"lj":1,"ml":1,"ml2":{"a":0,"k":1,"ix":13},"bm":0,"nm":"Gradient Stroke 1","mn":"ADBE Vector Graphic - G-Stroke","hd":false},{"ty":"tr","p":{"a":0,"k":[0,0],"ix":2},"a":{"a":0,"k":[0,0],"ix":1},"s":{"a":0,"k":[100,100],"ix":3},"r":{"a":1,"k":[{"i":{"x":[0.833],"y":[0.833]},"o":{"x":[0.167],"y":[0.167]},"t":26,"s":[0]},{"t":359,"s":[195.158]}],"ix":6},"o":{"a":0,"k":100,"ix":7},"sk":{"a":0,"k":0,"ix":4},"sa":{"a":0,"k":0,"ix":5},"nm":"Transform"}],"nm":"Shape 1","np":3,"cix":2,"bm":0,"ix":1,"mn":"ADBE Vector Group","hd":false},{"ty":"tm","s":{"a":0,"k":43,"ix":1},"e":{"a":0,"k":69,"ix":2},"o":{"a":0,"k":0,"ix":3},"m":1,"ix":2,"nm":"Trim Paths 1","mn":"ADBE Vector Filter - Trim","hd":false},{"ty":"rp","c":{"a":0,"k":16,"ix":1},"o":{"a":0,"k":0,"ix":2},"m":1,"ix":3,"tr":{"ty":"tr","p":{"a":0,"k":[0,0],"ix":2},"a":{"a":0,"k":[0,0],"ix":1},"s":{"a":0,"k":[100,100],"ix":3},"r":{"a":0,"k":22.5,"ix":4},"so":{"a":0,"k":100,"ix":5},"eo":{"a":0,"k":100,"ix":6},"nm":"Transform"},"nm":"Repeater 1","mn":"ADBE Vector Filter - Repeater","hd":false}],"ip":26,"op":360,"st":43,"bm":0}]},{"id":"comp_1","layers":[{"ddd":0,"ind":1,"ty":4,"nm":"Leaf_1","sr":1,"ks":{"o":{"a":0,"k":100,"ix":11},"r":{"a":0,"k":0,"ix":10},"p":{"a":0,"k":[444.159,709.394,0],"ix":2},"a":{"a":0,"k":[42.824,70.215,0],"ix":1},"s":{"a":1,"k":[{"i":{"x":[0.833,0.833,0.833],"y":[0.667,0.667,6.413]},"o":{"x":[0.167,0.167,0.167],"y":[0.167,0.167,0]},"t":0,"s":[0,0,100]},{"i":{"x":[0.833,0.833,0.833],"y":[0.778,0.778,2.762]},"o":{"x":[0.167,0.167,0.167],"y":[0.111,0.111,-5.413]},"t":4,"s":[8.762,8.762,100]},{"i":{"x":[0.833,0.833,0.833],"y":[0.898,0.898,1.945]},"o":{"x":[0.167,0.167,0.167],"y":[0.133,0.133,-1.762]},"t":8,"s":[35.048,35.048,100]},{"i":{"x":[0.833,0.833,0.833],"y":[0.951,0.951,2.28]},"o":{"x":[0.167,0.167,0.167],"y":[0.456,0.456,-0.945]},"t":12,"s":[78.858,78.858,100]},{"i":{"x":[0.833,0.833,0.833],"y":[1.196,1.196,1.155]},"o":{"x":[0.167,0.167,0.167],"y":[-0.12,-0.12,-1.28]},"t":16,"s":[88.664,88.664,100]},{"i":{"x":[0.833,0.833,0.833],"y":[0.913,0.913,1.109]},"o":{"x":[0.167,0.167,0.167],"y":[0.058,0.058,-0.155]},"t":20,"s":[84.641,84.641,100]},{"i":{"x":[0.833,0.833,0.833],"y":[0.721,0.721,1]},"o":{"x":[0.167,0.167,0.167],"y":[2.112,2.112,-0.109]},"t":24,"s":[98.141,98.141,100]},{"i":{"x":[0.833,0.833,0.833],"y":[0.833,0.833,1]},"o":{"x":[0.167,0.167,0.167],"y":[0.119,0.119,0]},"t":28,"s":[98.696,98.696,100]},{"t":32,"s":[100,100,100]}],"ix":6}},"ao":0,"shapes":[{"ty":"gr","it":[{"ind":0,"ty":"sh","ix":1,"ks":{"a":0,"k":{"i":[[0,0],[13.501,13.501],[0,0],[-16.824,-24.473]],"o":[[0,0],[-14.886,-30.463],[0,0],[15.748,22.908]],"v":[[10.968,34.272],[-15.688,21.463],[-17.073,-34.964],[14.826,-7.686]],"c":true},"ix":2},"nm":"Path 1","mn":"ADBE Vector Shape - Group","hd":false},{"ty":"gf","o":{"a":0,"k":100,"ix":10},"r":1,"bm":0,"g":{"p":5,"k":{"a":0,"k":[0,0.859,0.694,0.29,0.252,0.855,0.678,0.286,0.505,0.851,0.663,0.282,0.752,0.802,0.618,0.21,1,0.753,0.573,0.137],"ix":9}},"s":{"a":0,"k":[10.119,-2.549],"ix":5},"e":{"a":0,"k":[-3.572,2.664],"ix":6},"t":1,"nm":"Gradient Fill 1","mn":"ADBE Vector Graphic - G-Fill","hd":false},{"ty":"tr","p":{"a":0,"k":[30.824,35.215],"ix":2},"a":{"a":0,"k":[0,0],"ix":1},"s":{"a":0,"k":[100,100],"ix":3},"r":{"a":0,"k":0,"ix":6},"o":{"a":0,"k":100,"ix":7},"sk":{"a":0,"k":0,"ix":4},"sa":{"a":0,"k":0,"ix":5},"nm":"Transform"}],"nm":"Group 1","np":2,"cix":2,"bm":0,"ix":1,"mn":"ADBE Vector Group","hd":false}],"ip":0,"op":240,"st":0,"bm":0},{"ddd":0,"ind":2,"ty":4,"nm":"Leaf_2","sr":1,"ks":{"o":{"a":0,"k":100,"ix":11},"r":{"a":0,"k":0,"ix":10},"p":{"a":0,"k":[424.151,740.939,0],"ix":2},"a":{"a":0,"k":[72.458,34.923,0],"ix":1},"s":{"a":1,"k":[{"i":{"x":[0.833,0.833,0.833],"y":[0.667,0.667,6.413]},"o":{"x":[0.167,0.167,0.167],"y":[0.167,0.167,0]},"t":0,"s":[0,0,100]},{"i":{"x":[0.833,0.833,0.833],"y":[0.778,0.778,2.762]},"o":{"x":[0.167,0.167,0.167],"y":[0.111,0.111,-5.413]},"t":4,"s":[8.762,8.762,100]},{"i":{"x":[0.833,0.833,0.833],"y":[0.898,0.898,1.945]},"o":{"x":[0.167,0.167,0.167],"y":[0.133,0.133,-1.762]},"t":8,"s":[35.048,35.048,100]},{"i":{"x":[0.833,0.833,0.833],"y":[0.951,0.951,2.28]},"o":{"x":[0.167,0.167,0.167],"y":[0.456,0.456,-0.945]},"t":12,"s":[78.858,78.858,100]},{"i":{"x":[0.833,0.833,0.833],"y":[1.196,1.196,1.155]},"o":{"x":[0.167,0.167,0.167],"y":[-0.12,-0.12,-1.28]},"t":16,"s":[88.664,88.664,100]},{"i":{"x":[0.833,0.833,0.833],"y":[0.913,0.913,1.109]},"o":{"x":[0.167,0.167,0.167],"y":[0.058,0.058,-0.155]},"t":20,"s":[84.641,84.641,100]},{"i":{"x":[0.833,0.833,0.833],"y":[0.721,0.721,1]},"o":{"x":[0.167,0.167,0.167],"y":[2.112,2.112,-0.109]},"t":24,"s":[98.141,98.141,100]},{"i":{"x":[0.833,0.833,0.833],"y":[0.917,0.917,1]},"o":{"x":[0.167,0.167,0.167],"y":[0.119,0.119,0]},"t":28,"s":[98.696,98.696,100]},{"i":{"x":[0.833,0.833,0.833],"y":[1,1,1]},"o":{"x":[0.167,0.167,0.167],"y":[0.109,0.109,0]},"t":32,"s":[100,100,100]},{"i":{"x":[0.833,0.833,0.833],"y":[1,1,1]},"o":{"x":[0.167,0.167,0.167],"y":[0,0,0]},"t":36,"s":[100,100,100]},{"i":{"x":[0.833,0.833,0.833],"y":[1,1,1]},"o":{"x":[0.167,0.167,0.167],"y":[0,0,0]},"t":40,"s":[100,100,100]},{"i":{"x":[0.833,0.833,0.833],"y":[1,1,1]},"o":{"x":[0.167,0.167,0.167],"y":[0,0,0]},"t":44,"s":[100,100,100]},{"i":{"x":[0.833,0.833,0.833],"y":[1,1,1]},"o":{"x":[0.167,0.167,0.167],"y":[0,0,0]},"t":48,"s":[100,100,100]},{"i":{"x":[0.833,0.833,0.833],"y":[1,1,1]},"o":{"x":[0.167,0.167,0.167],"y":[0,0,0]},"t":52,"s":[100,100,100]},{"i":{"x":[0.833,0.833,0.833],"y":[1,1,1]},"o":{"x":[0.167,0.167,0.167],"y":[0,0,0]},"t":56,"s":[100,100,100]},{"i":{"x":[0.833,0.833,0.833],"y":[1,1,1]},"o":{"x":[0.167,0.167,0.167],"y":[0,0,0]},"t":60,"s":[100,100,100]},{"i":{"x":[0.833,0.833,0.833],"y":[1,1,1]},"o":{"x":[0.167,0.167,0.167],"y":[0,0,0]},"t":64,"s":[100,100,100]},{"i":{"x":[0.833,0.833,0.833],"y":[1,1,1]},"o":{"x":[0.167,0.167,0.167],"y":[0,0,0]},"t":68,"s":[100,100,100]},{"i":{"x":[0.833,0.833,0.833],"y":[1,1,1]},"o":{"x":[0.167,0.167,0.167],"y":[0,0,0]},"t":72,"s":[100,100,100]},{"t":76,"s":[100,100,100]}],"ix":6}},"ao":0,"shapes":[{"ty":"gr","it":[{"ind":0,"ty":"sh","ix":1,"ks":{"a":0,"k":{"i":[[0,0],[16.304,1.999],[0,0],[-25.226,-2.931]],"o":[[0,0],[-25.616,-3.141],[0,0],[25.226,2.93]],"v":[[36.208,9.886],[9.072,21.674],[-36.208,-14.022],[6.312,-20.742]],"c":true},"ix":2},"nm":"Path 1","mn":"ADBE Vector Shape - Group","hd":false},{"ty":"gf","o":{"a":0,"k":100,"ix":10},"r":1,"bm":0,"g":{"p":5,"k":{"a":0,"k":[0,0.859,0.694,0.29,0.252,0.855,0.678,0.286,0.505,0.851,0.663,0.282,0.752,0.802,0.618,0.21,1,0.753,0.573,0.137],"ix":9}},"s":{"a":0,"k":[6.141,10.728],"ix":5},"e":{"a":0,"k":[10.173,0.044],"ix":6},"t":1,"nm":"Gradient Fill 1","mn":"ADBE Vector Graphic - G-Fill","hd":false},{"ty":"tr","p":{"a":0,"k":[36.458,23.923],"ix":2},"a":{"a":0,"k":[0,0],"ix":1},"s":{"a":0,"k":[100,100],"ix":3},"r":{"a":0,"k":0,"ix":6},"o":{"a":0,"k":100,"ix":7},"sk":{"a":0,"k":0,"ix":4},"sa":{"a":0,"k":0,"ix":5},"nm":"Transform"}],"nm":"Group 1","np":2,"cix":2,"bm":0,"ix":1,"mn":"ADBE Vector Group","hd":false}],"ip":0,"op":240,"st":0,"bm":0},{"ddd":0,"ind":3,"ty":4,"nm":"Leaf_3","sr":1,"ks":{"o":{"a":0,"k":100,"ix":11},"r":{"a":0,"k":0,"ix":10},"p":{"a":0,"k":[386.229,654.035,0],"ix":2},"a":{"a":0,"k":[23.348,63.796,0],"ix":1},"s":{"a":1,"k":[{"i":{"x":[0.833,0.833,0.833],"y":[0.91,0.91,1]},"o":{"x":[0.167,0.167,0.167],"y":[0.167,0.167,0]},"t":8,"s":[0,0,100]},{"i":{"x":[0.833,0.833,0.833],"y":[0.833,0.833,1]},"o":{"x":[0.167,0.167,0.167],"y":[1.089,1.089,0]},"t":12,"s":[92.346,92.346,100]},{"t":16,"s":[100,100,100]}],"ix":6}},"ao":0,"shapes":[{"ty":"gr","it":[{"ind":0,"ty":"sh","ix":1,"ks":{"a":0,"k":{"i":[[3.651,0.446],[7.922,18.317],[0,0],[-6.875,-25.436]],"o":[[-3.651,-0.446],[-5.941,-25.744],[0,0],[6.434,23.81]],"v":[[-0.328,31.313],[-17.656,14.728],[-1.072,-33.046],[17.163,-1.809]],"c":true},"ix":2},"nm":"Path 1","mn":"ADBE Vector Shape - Group","hd":false},{"ty":"gf","o":{"a":0,"k":100,"ix":10},"r":1,"bm":0,"g":{"p":5,"k":{"a":0,"k":[0,0.859,0.694,0.29,0.252,0.855,0.678,0.286,0.505,0.851,0.663,0.282,0.752,0.802,0.618,0.21,1,0.753,0.573,0.137],"ix":9}},"s":{"a":0,"k":[6.357,0.594],"ix":5},"e":{"a":0,"k":[-3.83,-0.08],"ix":6},"t":1,"nm":"Gradient Fill 1","mn":"ADBE Vector Graphic - G-Fill","hd":false},{"ty":"tr","p":{"a":0,"k":[23.848,33.296],"ix":2},"a":{"a":0,"k":[0,0],"ix":1},"s":{"a":0,"k":[100,100],"ix":3},"r":{"a":0,"k":0,"ix":6},"o":{"a":0,"k":100,"ix":7},"sk":{"a":0,"k":0,"ix":4},"sa":{"a":0,"k":0,"ix":5},"nm":"Transform"}],"nm":"Group 1","np":2,"cix":2,"bm":0,"ix":1,"mn":"ADBE Vector Group","hd":false}],"ip":8,"op":240,"st":4,"bm":0},{"ddd":0,"ind":4,"ty":4,"nm":"Leaf_4","sr":1,"ks":{"o":{"a":0,"k":100,"ix":11},"r":{"a":0,"k":0,"ix":10},"p":{"a":0,"k":[369.783,679.448,0],"ix":2},"a":{"a":0,"k":[63.933,46.043,0],"ix":1},"s":{"a":1,"k":[{"i":{"x":[0.833,0.833,0.833],"y":[0.91,0.91,1]},"o":{"x":[0.167,0.167,0.167],"y":[0.167,0.167,0]},"t":8,"s":[0,0,100]},{"i":{"x":[0.833,0.833,0.833],"y":[0.833,0.833,1]},"o":{"x":[0.167,0.167,0.167],"y":[1.089,1.089,0]},"t":12,"s":[92.346,92.346,100]},{"t":16,"s":[100,100,100]}],"ix":6}},"ao":0,"shapes":[{"ty":"gr","it":[{"ind":0,"ty":"sh","ix":1,"ks":{"a":0,"k":{"i":[[0,0],[15.329,5.538],[0,0],[-23.751,-8.411]],"o":[[0,0],[-24.083,-8.701],[0,0],[23.752,8.411]],"v":[[31.577,16.853],[2.723,22.255],[-33.182,-22.282],[9.43,-19.382]],"c":true},"ix":2},"nm":"Path 1","mn":"ADBE Vector Shape - Group","hd":false},{"ty":"gf","o":{"a":0,"k":100,"ix":10},"r":1,"bm":0,"g":{"p":5,"k":{"a":0,"k":[0,0.859,0.694,0.29,0.252,0.855,0.678,0.286,0.505,0.851,0.663,0.282,0.752,0.802,0.618,0.21,1,0.753,0.573,0.137],"ix":9}},"s":{"a":0,"k":[-1.803,8.371],"ix":5},"e":{"a":0,"k":[5.541,-3.779],"ix":6},"t":1,"nm":"Gradient Fill 1","mn":"ADBE Vector Graphic - G-Fill","hd":false},{"ty":"tr","p":{"a":0,"k":[33.432,28.043],"ix":2},"a":{"a":0,"k":[0,0],"ix":1},"s":{"a":0,"k":[100,100],"ix":3},"r":{"a":0,"k":0,"ix":6},"o":{"a":0,"k":100,"ix":7},"sk":{"a":0,"k":0,"ix":4},"sa":{"a":0,"k":0,"ix":5},"nm":"Transform"}],"nm":"Group 1","np":2,"cix":2,"bm":0,"ix":1,"mn":"ADBE Vector Group","hd":false}],"ip":8,"op":240,"st":4,"bm":0},{"ddd":0,"ind":5,"ty":4,"nm":"Leaf_5","sr":1,"ks":{"o":{"a":0,"k":100,"ix":11},"r":{"a":0,"k":0,"ix":10},"p":{"a":0,"k":[352.774,591.846,0],"ix":2},"a":{"a":0,"k":[16.296,63.683,0],"ix":1},"s":{"a":1,"k":[{"i":{"x":[0.833,0.833,0.833],"y":[0.667,0.667,6.413]},"o":{"x":[0.167,0.167,0.167],"y":[0.167,0.167,0]},"t":8,"s":[0,0,100]},{"i":{"x":[0.833,0.833,0.833],"y":[0.778,0.778,2.762]},"o":{"x":[0.167,0.167,0.167],"y":[0.111,0.111,-5.413]},"t":12,"s":[8.762,8.762,100]},{"i":{"x":[0.833,0.833,0.833],"y":[0.898,0.898,1.945]},"o":{"x":[0.167,0.167,0.167],"y":[0.133,0.133,-1.762]},"t":16,"s":[35.048,35.048,100]},{"i":{"x":[0.833,0.833,0.833],"y":[0.951,0.951,2.28]},"o":{"x":[0.167,0.167,0.167],"y":[0.456,0.456,-0.945]},"t":20,"s":[78.858,78.858,100]},{"i":{"x":[0.833,0.833,0.833],"y":[1.196,1.196,1.155]},"o":{"x":[0.167,0.167,0.167],"y":[-0.12,-0.12,-1.28]},"t":24,"s":[88.664,88.664,100]},{"i":{"x":[0.833,0.833,0.833],"y":[0.913,0.913,1.109]},"o":{"x":[0.167,0.167,0.167],"y":[0.058,0.058,-0.155]},"t":28,"s":[84.641,84.641,100]},{"i":{"x":[0.833,0.833,0.833],"y":[0.721,0.721,1]},"o":{"x":[0.167,0.167,0.167],"y":[2.112,2.112,-0.109]},"t":32,"s":[98.141,98.141,100]},{"i":{"x":[0.833,0.833,0.833],"y":[0.917,0.917,1]},"o":{"x":[0.167,0.167,0.167],"y":[0.119,0.119,0]},"t":36,"s":[98.696,98.696,100]},{"t":40,"s":[100,100,100]}],"ix":6}},"ao":0,"shapes":[{"ty":"gr","it":[{"ind":0,"ty":"sh","ix":1,"ks":{"a":0,"k":{"i":[[0,0],[-2.159,18.256],[0,0],[3.579,-24.304]],"o":[[0,0],[1.866,-15.78],[0,0],[-3.35,22.752]],"v":[[-5.798,32.932],[-20.387,3.864],[8.522,-32.932],[18.966,3.716]],"c":true},"ix":2},"nm":"Path 1","mn":"ADBE Vector Shape - Group","hd":false},{"ty":"gf","o":{"a":0,"k":100,"ix":10},"r":1,"bm":0,"g":{"p":5,"k":{"a":0,"k":[0,0.859,0.694,0.29,0.252,0.855,0.678,0.286,0.505,0.851,0.663,0.282,0.752,0.802,0.618,0.21,1,0.753,0.573,0.137],"ix":9}},"s":{"a":0,"k":[8.885,3.42],"ix":5},"e":{"a":0,"k":[-1.98,0.803],"ix":6},"t":1,"nm":"Gradient Fill 1","mn":"ADBE Vector Graphic - G-Fill","hd":false},{"ty":"tr","p":{"a":0,"k":[22.795,33.183],"ix":2},"a":{"a":0,"k":[0,0],"ix":1},"s":{"a":0,"k":[100,100],"ix":3},"r":{"a":0,"k":0,"ix":6},"o":{"a":0,"k":100,"ix":7},"sk":{"a":0,"k":0,"ix":4},"sa":{"a":0,"k":0,"ix":5},"nm":"Transform"}],"nm":"Group 1","np":2,"cix":2,"bm":0,"ix":1,"mn":"ADBE Vector Group","hd":false}],"ip":8,"op":240,"st":8,"bm":0},{"ddd":0,"ind":6,"ty":4,"nm":"Leaf_6","sr":1,"ks":{"o":{"a":0,"k":100,"ix":11},"r":{"a":0,"k":0,"ix":10},"p":{"a":0,"k":[325.729,597.54,0],"ix":2},"a":{"a":0,"k":[38.87,50.513,0],"ix":1},"s":{"a":1,"k":[{"i":{"x":[0.833,0.833,0.833],"y":[0.667,0.667,1]},"o":{"x":[0.167,0.167,0.167],"y":[0.167,0.167,0]},"t":8,"s":[0,0,100]},{"i":{"x":[0.833,0.833,0.833],"y":[0.778,0.778,1]},"o":{"x":[0.167,0.167,0.167],"y":[0.111,0.111,0]},"t":12,"s":[8.762,8.762,100]},{"i":{"x":[0.833,0.833,0.833],"y":[0.898,0.898,1]},"o":{"x":[0.167,0.167,0.167],"y":[0.133,0.133,0]},"t":16,"s":[35.048,35.048,100]},{"i":{"x":[0.833,0.833,0.833],"y":[0.951,0.951,1]},"o":{"x":[0.167,0.167,0.167],"y":[0.456,0.456,0]},"t":20,"s":[78.858,78.858,100]},{"i":{"x":[0.833,0.833,0.833],"y":[1.196,1.196,1]},"o":{"x":[0.167,0.167,0.167],"y":[-0.12,-0.12,0]},"t":24,"s":[88.664,88.664,100]},{"i":{"x":[0.833,0.833,0.833],"y":[0.913,0.913,1]},"o":{"x":[0.167,0.167,0.167],"y":[0.058,0.058,0]},"t":28,"s":[84.641,84.641,100]},{"i":{"x":[0.833,0.833,0.833],"y":[0.721,0.721,1]},"o":{"x":[0.167,0.167,0.167],"y":[2.112,2.112,0]},"t":32,"s":[98.141,98.141,100]},{"i":{"x":[0.833,0.833,0.833],"y":[0.833,0.833,1]},"o":{"x":[0.167,0.167,0.167],"y":[0.119,0.119,0]},"t":36,"s":[98.696,98.696,100]},{"t":40,"s":[100,100,100]}],"ix":6}},"ao":0,"shapes":[{"ty":"gr","it":[{"ind":0,"ty":"sh","ix":1,"ks":{"a":0,"k":{"i":[[0,0],[9.558,9.028],[0,0],[-14.866,-13.862]],"o":[[0,0],[-15.019,-14.184],[0,0],[14.866,13.863]],"v":[[13.982,23.019],[-9.101,17.735],[-21.338,-26.763],[9.254,-10.911]],"c":true},"ix":2},"nm":"Path 1","mn":"ADBE Vector Shape - Group","hd":false},{"ty":"gf","o":{"a":0,"k":100,"ix":10},"r":1,"bm":0,"g":{"p":5,"k":{"a":0,"k":[0,0.859,0.694,0.29,0.252,0.855,0.678,0.286,0.505,0.851,0.663,0.282,0.752,0.802,0.618,0.21,1,0.753,0.573,0.137],"ix":9}},"s":{"a":0,"k":[-7.438,2.36],"ix":5},"e":{"a":0,"k":[-1.31,-1.944],"ix":6},"t":1,"nm":"Gradient Fill 1","mn":"ADBE Vector Graphic - G-Fill","hd":false},{"ty":"tr","p":{"a":0,"k":[24.37,27.013],"ix":2},"a":{"a":0,"k":[0,0],"ix":1},"s":{"a":0,"k":[100,100],"ix":3},"r":{"a":0,"k":0,"ix":6},"o":{"a":0,"k":100,"ix":7},"sk":{"a":0,"k":0,"ix":4},"sa":{"a":0,"k":0,"ix":5},"nm":"Transform"}],"nm":"Group 1","np":2,"cix":2,"bm":0,"ix":1,"mn":"ADBE Vector Group","hd":false}],"ip":8,"op":240,"st":8,"bm":0},{"ddd":0,"ind":7,"ty":4,"nm":"Leaf_7","sr":1,"ks":{"o":{"a":0,"k":100,"ix":11},"r":{"a":0,"k":0,"ix":10},"p":{"a":0,"k":[337.739,515.165,0],"ix":2},"a":{"a":0,"k":[9.861,50.379,0],"ix":1},"s":{"a":1,"k":[{"i":{"x":[0.833,0.833,0.833],"y":[0.667,0.667,1]},"o":{"x":[0.167,0.167,0.167],"y":[0.167,0.167,0]},"t":12,"s":[0,0,100]},{"i":{"x":[0.833,0.833,0.833],"y":[0.778,0.778,1]},"o":{"x":[0.167,0.167,0.167],"y":[0.111,0.111,0]},"t":16,"s":[8.762,8.762,100]},{"i":{"x":[0.833,0.833,0.833],"y":[0.898,0.898,1]},"o":{"x":[0.167,0.167,0.167],"y":[0.133,0.133,0]},"t":20,"s":[35.048,35.048,100]},{"i":{"x":[0.833,0.833,0.833],"y":[0.951,0.951,1]},"o":{"x":[0.167,0.167,0.167],"y":[0.456,0.456,0]},"t":24,"s":[78.858,78.858,100]},{"i":{"x":[0.833,0.833,0.833],"y":[1.196,1.196,1]},"o":{"x":[0.167,0.167,0.167],"y":[-0.12,-0.12,0]},"t":28,"s":[88.664,88.664,100]},{"i":{"x":[0.833,0.833,0.833],"y":[0.913,0.913,1]},"o":{"x":[0.167,0.167,0.167],"y":[0.058,0.058,0]},"t":32,"s":[84.641,84.641,100]},{"i":{"x":[0.833,0.833,0.833],"y":[0.721,0.721,1]},"o":{"x":[0.167,0.167,0.167],"y":[2.112,2.112,0]},"t":36,"s":[98.141,98.141,100]},{"i":{"x":[0.833,0.833,0.833],"y":[0.833,0.833,1]},"o":{"x":[0.167,0.167,0.167],"y":[0.119,0.119,0]},"t":40,"s":[98.696,98.696,100]},{"t":44,"s":[100,100,100]}],"ix":6}},"ao":0,"shapes":[{"ty":"gr","it":[{"ind":0,"ty":"sh","ix":1,"ks":{"a":0,"k":{"i":[[0,0],[-2.135,14.484],[0,0],[5.754,-21.891]],"o":[[0,0],[2.136,-14.484],[0,0],[-5.754,21.891]],"v":[[-13.208,24.472],[-18.976,-1.282],[15.627,-28.63],[15.357,6.739]],"c":true},"ix":2},"nm":"Path 1","mn":"ADBE Vector Shape - Group","hd":false},{"ty":"gf","o":{"a":0,"k":100,"ix":10},"r":1,"bm":0,"g":{"p":5,"k":{"a":0,"k":[0,0.859,0.694,0.29,0.252,0.855,0.678,0.286,0.505,0.851,0.663,0.282,0.752,0.802,0.618,0.21,1,0.753,0.573,0.137],"ix":9}},"s":{"a":0,"k":[4.208,4.139],"ix":5},"e":{"a":0,"k":[-3.479,-0.471],"ix":6},"t":1,"nm":"Gradient Fill 1","mn":"ADBE Vector Graphic - G-Fill","hd":false},{"ty":"tr","p":{"a":0,"k":[21.361,28.88],"ix":2},"a":{"a":0,"k":[0,0],"ix":1},"s":{"a":0,"k":[100,100],"ix":3},"r":{"a":0,"k":0,"ix":6},"o":{"a":0,"k":100,"ix":7},"sk":{"a":0,"k":0,"ix":4},"sa":{"a":0,"k":0,"ix":5},"nm":"Transform"}],"nm":"Group 1","np":2,"cix":2,"bm":0,"ix":1,"mn":"ADBE Vector Group","hd":false}],"ip":12,"op":240,"st":12,"bm":0},{"ddd":0,"ind":8,"ty":4,"nm":"Leaf_8","sr":1,"ks":{"o":{"a":0,"k":100,"ix":11},"r":{"a":0,"k":0,"ix":10},"p":{"a":0,"k":[306.301,516.244,0],"ix":2},"a":{"a":0,"k":[30.795,58.219,0],"ix":1},"s":{"a":1,"k":[{"i":{"x":[0.833,0.833,0.833],"y":[0.667,0.667,6.413]},"o":{"x":[0.167,0.167,0.167],"y":[0.167,0.167,0]},"t":12,"s":[0,0,100]},{"i":{"x":[0.833,0.833,0.833],"y":[0.778,0.778,2.762]},"o":{"x":[0.167,0.167,0.167],"y":[0.111,0.111,-5.413]},"t":16,"s":[8.762,8.762,100]},{"i":{"x":[0.833,0.833,0.833],"y":[0.898,0.898,1.945]},"o":{"x":[0.167,0.167,0.167],"y":[0.133,0.133,-1.762]},"t":20,"s":[35.048,35.048,100]},{"i":{"x":[0.833,0.833,0.833],"y":[0.951,0.951,2.28]},"o":{"x":[0.167,0.167,0.167],"y":[0.456,0.456,-0.945]},"t":24,"s":[78.858,78.858,100]},{"i":{"x":[0.833,0.833,0.833],"y":[1.196,1.196,1.155]},"o":{"x":[0.167,0.167,0.167],"y":[-0.12,-0.12,-1.28]},"t":28,"s":[88.664,88.664,100]},{"i":{"x":[0.833,0.833,0.833],"y":[0.913,0.913,1.109]},"o":{"x":[0.167,0.167,0.167],"y":[0.058,0.058,-0.155]},"t":32,"s":[84.641,84.641,100]},{"i":{"x":[0.833,0.833,0.833],"y":[0.721,0.721,1]},"o":{"x":[0.167,0.167,0.167],"y":[2.112,2.112,-0.109]},"t":36,"s":[98.141,98.141,100]},{"i":{"x":[0.833,0.833,0.833],"y":[0.833,0.833,1]},"o":{"x":[0.167,0.167,0.167],"y":[0.119,0.119,0]},"t":40,"s":[98.696,98.696,100]},{"t":44,"s":[100,100,100]}],"ix":6}},"ao":0,"shapes":[{"ty":"gr","it":[{"ind":0,"ty":"sh","ix":1,"ks":{"a":0,"k":{"i":[[0,0],[8.732,11.752],[0,0],[-11.411,-19.548]],"o":[[0,0],[-8.731,-11.751],[0,0],[11.41,19.547]],"v":[[5.976,28.969],[-16.314,14.836],[-11.184,-28.969],[13.635,-3.769]],"c":true},"ix":2},"nm":"Path 1","mn":"ADBE Vector Shape - Group","hd":false},{"ty":"gf","o":{"a":0,"k":100,"ix":10},"r":1,"bm":0,"g":{"p":5,"k":{"a":0,"k":[0,0.859,0.694,0.29,0.252,0.855,0.678,0.286,0.505,0.851,0.663,0.282,0.752,0.802,0.618,0.21,1,0.753,0.573,0.137],"ix":9}},"s":{"a":0,"k":[-8.05,6.74],"ix":5},"e":{"a":0,"k":[3.542,3.073],"ix":6},"t":1,"nm":"Gradient Fill 1","mn":"ADBE Vector Graphic - G-Fill","hd":false},{"ty":"tr","p":{"a":0,"k":[25.295,29.219],"ix":2},"a":{"a":0,"k":[0,0],"ix":1},"s":{"a":0,"k":[100,100],"ix":3},"r":{"a":0,"k":0,"ix":6},"o":{"a":0,"k":100,"ix":7},"sk":{"a":0,"k":0,"ix":4},"sa":{"a":0,"k":0,"ix":5},"nm":"Transform"}],"nm":"Group 1","np":2,"cix":2,"bm":0,"ix":1,"mn":"ADBE Vector Group","hd":false}],"ip":12,"op":240,"st":12,"bm":0},{"ddd":0,"ind":9,"ty":4,"nm":"Leaf_9","sr":1,"ks":{"o":{"a":0,"k":100,"ix":11},"r":{"a":0,"k":0,"ix":10},"p":{"a":0,"k":[345.282,444.779,0],"ix":2},"a":{"a":0,"k":[7.497,39.825,0],"ix":1},"s":{"a":1,"k":[{"i":{"x":[0.833,0.833,0.833],"y":[0.667,0.667,1]},"o":{"x":[0.167,0.167,0.167],"y":[0.167,0.167,0]},"t":16,"s":[0,0,100]},{"i":{"x":[0.833,0.833,0.833],"y":[0.778,0.778,1]},"o":{"x":[0.167,0.167,0.167],"y":[0.111,0.111,0]},"t":20,"s":[8.762,8.762,100]},{"i":{"x":[0.833,0.833,0.833],"y":[0.898,0.898,1]},"o":{"x":[0.167,0.167,0.167],"y":[0.133,0.133,0]},"t":24,"s":[35.048,35.048,100]},{"i":{"x":[0.833,0.833,0.833],"y":[0.951,0.951,1]},"o":{"x":[0.167,0.167,0.167],"y":[0.456,0.456,0]},"t":28,"s":[78.858,78.858,100]},{"i":{"x":[0.833,0.833,0.833],"y":[1.196,1.196,1]},"o":{"x":[0.167,0.167,0.167],"y":[-0.12,-0.12,0]},"t":32,"s":[88.664,88.664,100]},{"i":{"x":[0.833,0.833,0.833],"y":[0.913,0.913,1]},"o":{"x":[0.167,0.167,0.167],"y":[0.058,0.058,0]},"t":36,"s":[84.641,84.641,100]},{"i":{"x":[0.833,0.833,0.833],"y":[0.721,0.721,1]},"o":{"x":[0.167,0.167,0.167],"y":[2.112,2.112,0]},"t":40,"s":[98.141,98.141,100]},{"i":{"x":[0.833,0.833,0.833],"y":[0.833,0.833,1]},"o":{"x":[0.167,0.167,0.167],"y":[0.119,0.119,0]},"t":44,"s":[98.696,98.696,100]},{"t":48,"s":[100,100,100]}],"ix":6}},"ao":0,"shapes":[{"ty":"gr","it":[{"ind":0,"ty":"sh","ix":1,"ks":{"a":0,"k":{"i":[[0,0],[-9.311,11.712],[0,0],[12.884,-15.29]],"o":[[0,0],[8.048,-10.122],[0,0],[-12.06,14.312]],"v":[[-17.786,17.38],[-15.437,-8.986],[20.327,-22.074],[11.864,7.762]],"c":true},"ix":2},"nm":"Path 1","mn":"ADBE Vector Shape - Group","hd":false},{"ty":"gf","o":{"a":0,"k":100,"ix":10},"r":1,"bm":0,"g":{"p":5,"k":{"a":0,"k":[0,0.859,0.694,0.29,0.252,0.855,0.678,0.286,0.505,0.851,0.663,0.282,0.752,0.802,0.618,0.21,1,0.753,0.573,0.137],"ix":9}},"s":{"a":0,"k":[2.588,3.428],"ix":5},"e":{"a":0,"k":[-3.91,-3.131],"ix":6},"t":1,"nm":"Gradient Fill 1","mn":"ADBE Vector Graphic - G-Fill","hd":false},{"ty":"tr","p":{"a":0,"k":[24.997,22.325],"ix":2},"a":{"a":0,"k":[0,0],"ix":1},"s":{"a":0,"k":[100,100],"ix":3},"r":{"a":0,"k":0,"ix":6},"o":{"a":0,"k":100,"ix":7},"sk":{"a":0,"k":0,"ix":4},"sa":{"a":0,"k":0,"ix":5},"nm":"Transform"}],"nm":"Group 1","np":2,"cix":2,"bm":0,"ix":1,"mn":"ADBE Vector Group","hd":false}],"ip":16,"op":240,"st":16,"bm":0},{"ddd":0,"ind":10,"ty":4,"nm":"Leaf_10","sr":1,"ks":{"o":{"a":0,"k":100,"ix":11},"r":{"a":0,"k":0,"ix":10},"p":{"a":0,"k":[321.053,439.219,0],"ix":2},"a":{"a":0,"k":[21.71,53.488,0],"ix":1},"s":{"a":1,"k":[{"i":{"x":[0.833,0.833,0.833],"y":[0.667,0.667,1]},"o":{"x":[0.167,0.167,0.167],"y":[0.167,0.167,0]},"t":16,"s":[0,0,100]},{"i":{"x":[0.833,0.833,0.833],"y":[0.778,0.778,1]},"o":{"x":[0.167,0.167,0.167],"y":[0.111,0.111,0]},"t":20,"s":[8.762,8.762,100]},{"i":{"x":[0.833,0.833,0.833],"y":[0.898,0.898,1]},"o":{"x":[0.167,0.167,0.167],"y":[0.133,0.133,0]},"t":24,"s":[35.048,35.048,100]},{"i":{"x":[0.833,0.833,0.833],"y":[0.951,0.951,1]},"o":{"x":[0.167,0.167,0.167],"y":[0.456,0.456,0]},"t":28,"s":[78.858,78.858,100]},{"i":{"x":[0.833,0.833,0.833],"y":[1.196,1.196,1]},"o":{"x":[0.167,0.167,0.167],"y":[-0.12,-0.12,0]},"t":32,"s":[88.664,88.664,100]},{"i":{"x":[0.833,0.833,0.833],"y":[0.913,0.913,1]},"o":{"x":[0.167,0.167,0.167],"y":[0.058,0.058,0]},"t":36,"s":[84.641,84.641,100]},{"i":{"x":[0.833,0.833,0.833],"y":[0.721,0.721,1]},"o":{"x":[0.167,0.167,0.167],"y":[2.112,2.112,0]},"t":40,"s":[98.141,98.141,100]},{"i":{"x":[0.833,0.833,0.833],"y":[0.833,0.833,1]},"o":{"x":[0.167,0.167,0.167],"y":[0.119,0.119,0]},"t":44,"s":[98.696,98.696,100]},{"t":48,"s":[100,100,100]}],"ix":6}},"ao":0,"shapes":[{"ty":"gr","it":[{"ind":0,"ty":"sh","ix":1,"ks":{"a":0,"k":{"i":[[0,0],[4.771,12.051],[0,0],[-5.273,-19.332]],"o":[[0,0],[-4.77,-12.051],[0,0],[5.273,19.331]],"v":[[0.629,26.738],[-15.19,9.541],[-0.755,-26.738],[14.686,0.502]],"c":true},"ix":2},"nm":"Path 1","mn":"ADBE Vector Shape - Group","hd":false},{"ty":"gf","o":{"a":0,"k":100,"ix":10},"r":1,"bm":0,"g":{"p":5,"k":{"a":0,"k":[0,0.859,0.694,0.29,0.252,0.855,0.678,0.286,0.505,0.851,0.663,0.282,0.752,0.802,0.618,0.21,1,0.753,0.573,0.137],"ix":9}},"s":{"a":0,"k":[-9.457,5.223],"ix":5},"e":{"a":0,"k":[0.451,4.855],"ix":6},"t":1,"nm":"Gradient Fill 1","mn":"ADBE Vector Graphic - G-Fill","hd":false},{"ty":"tr","p":{"a":0,"k":[20.21,26.988],"ix":2},"a":{"a":0,"k":[0,0],"ix":1},"s":{"a":0,"k":[100,100],"ix":3},"r":{"a":0,"k":0,"ix":6},"o":{"a":0,"k":100,"ix":7},"sk":{"a":0,"k":0,"ix":4},"sa":{"a":0,"k":0,"ix":5},"nm":"Transform"}],"nm":"Group 1","np":2,"cix":2,"bm":0,"ix":1,"mn":"ADBE Vector Group","hd":false}],"ip":16,"op":240,"st":16,"bm":0},{"ddd":0,"ind":11,"ty":4,"nm":"Leaf_11","sr":1,"ks":{"o":{"a":0,"k":100,"ix":11},"r":{"a":0,"k":0,"ix":10},"p":{"a":0,"k":[370.976,384.856,0],"ix":2},"a":{"a":0,"k":[4.273,31.127,0],"ix":1},"s":{"a":1,"k":[{"i":{"x":[0.833,0.833,0.833],"y":[0.667,0.667,1]},"o":{"x":[0.167,0.167,0.167],"y":[0.167,0.167,0]},"t":24,"s":[0,0,100]},{"i":{"x":[0.833,0.833,0.833],"y":[0.778,0.778,1]},"o":{"x":[0.167,0.167,0.167],"y":[0.111,0.111,0]},"t":28,"s":[8.762,8.762,100]},{"i":{"x":[0.833,0.833,0.833],"y":[0.898,0.898,1]},"o":{"x":[0.167,0.167,0.167],"y":[0.133,0.133,0]},"t":32,"s":[35.048,35.048,100]},{"i":{"x":[0.833,0.833,0.833],"y":[0.951,0.951,1]},"o":{"x":[0.167,0.167,0.167],"y":[0.456,0.456,0]},"t":36,"s":[78.858,78.858,100]},{"i":{"x":[0.833,0.833,0.833],"y":[1.196,1.196,1]},"o":{"x":[0.167,0.167,0.167],"y":[-0.12,-0.12,0]},"t":40,"s":[88.664,88.664,100]},{"i":{"x":[0.833,0.833,0.833],"y":[0.913,0.913,1]},"o":{"x":[0.167,0.167,0.167],"y":[0.058,0.058,0]},"t":44,"s":[84.641,84.641,100]},{"i":{"x":[0.833,0.833,0.833],"y":[0.721,0.721,1]},"o":{"x":[0.167,0.167,0.167],"y":[2.112,2.112,0]},"t":48,"s":[98.141,98.141,100]},{"i":{"x":[0.833,0.833,0.833],"y":[0.999,0.999,1]},"o":{"x":[0.167,0.167,0.167],"y":[0.119,0.119,0]},"t":52,"s":[98.696,98.696,100]},{"i":{"x":[0.833,0.833,0.833],"y":[1,1,1]},"o":{"x":[0.167,0.167,0.167],"y":[0.216,0.216,0]},"t":56,"s":[100,100,100]},{"t":612,"s":[100,100,100]}],"ix":6}},"ao":0,"shapes":[{"ty":"gr","it":[{"ind":0,"ty":"sh","ix":1,"ks":{"a":0,"k":{"i":[[0,0],[-10.953,9.09],[0,0],[14.978,-11.725]],"o":[[0,0],[9.467,-7.856],[0,0],[-14.02,10.975]],"v":[[-20.417,12.074],[-13.07,-12.021],[22.759,-17.233],[9.046,8.902]],"c":true},"ix":2},"nm":"Path 1","mn":"ADBE Vector Shape - Group","hd":false},{"ty":"gf","o":{"a":0,"k":100,"ix":10},"r":1,"bm":0,"g":{"p":5,"k":{"a":0,"k":[0,0.859,0.694,0.29,0.252,0.855,0.678,0.286,0.505,0.851,0.663,0.282,0.752,0.802,0.618,0.21,1,0.753,0.573,0.137],"ix":9}},"s":{"a":0,"k":[-0.078,6.776],"ix":5},"e":{"a":0,"k":[-6.826,-2.133],"ix":6},"t":1,"nm":"Gradient Fill 1","mn":"ADBE Vector Graphic - G-Fill","hd":false},{"ty":"tr","p":{"a":0,"k":[24.273,20.127],"ix":2},"a":{"a":0,"k":[0,0],"ix":1},"s":{"a":0,"k":[100,100],"ix":3},"r":{"a":0,"k":0,"ix":6},"o":{"a":0,"k":100,"ix":7},"sk":{"a":0,"k":0,"ix":4},"sa":{"a":0,"k":0,"ix":5},"nm":"Transform"}],"nm":"Group 1","np":2,"cix":2,"bm":0,"ix":1,"mn":"ADBE Vector Group","hd":false}],"ip":24,"op":240,"st":24,"bm":0},{"ddd":0,"ind":12,"ty":4,"nm":"Leaf_12","sr":1,"ks":{"o":{"a":0,"k":100,"ix":11},"r":{"a":0,"k":0,"ix":10},"p":{"a":0,"k":[353.914,368.458,0],"ix":2},"a":{"a":0,"k":[12.43,46.449,0],"ix":1},"s":{"a":1,"k":[{"i":{"x":[0.833,0.833,0.833],"y":[0.667,0.667,6.413]},"o":{"x":[0.167,0.167,0.167],"y":[0.167,0.167,0]},"t":24,"s":[0,0,100]},{"i":{"x":[0.833,0.833,0.833],"y":[0.778,0.778,2.762]},"o":{"x":[0.167,0.167,0.167],"y":[0.111,0.111,-5.413]},"t":28,"s":[8.762,8.762,100]},{"i":{"x":[0.833,0.833,0.833],"y":[0.898,0.898,1.945]},"o":{"x":[0.167,0.167,0.167],"y":[0.133,0.133,-1.762]},"t":32,"s":[35.048,35.048,100]},{"i":{"x":[0.833,0.833,0.833],"y":[0.951,0.951,2.28]},"o":{"x":[0.167,0.167,0.167],"y":[0.456,0.456,-0.945]},"t":36,"s":[78.858,78.858,100]},{"i":{"x":[0.833,0.833,0.833],"y":[1.196,1.196,1.155]},"o":{"x":[0.167,0.167,0.167],"y":[-0.12,-0.12,-1.28]},"t":40,"s":[88.664,88.664,100]},{"i":{"x":[0.833,0.833,0.833],"y":[0.913,0.913,1.109]},"o":{"x":[0.167,0.167,0.167],"y":[0.058,0.058,-0.155]},"t":44,"s":[84.641,84.641,100]},{"i":{"x":[0.833,0.833,0.833],"y":[0.721,0.721,1]},"o":{"x":[0.167,0.167,0.167],"y":[2.112,2.112,-0.109]},"t":48,"s":[98.141,98.141,100]},{"i":{"x":[0.833,0.833,0.833],"y":[0.917,0.917,1]},"o":{"x":[0.167,0.167,0.167],"y":[0.119,0.119,0]},"t":52,"s":[98.696,98.696,100]},{"i":{"x":[0.833,0.833,0.833],"y":[1,1,1]},"o":{"x":[0.167,0.167,0.167],"y":[15.11,15.11,0]},"t":56,"s":[100,100,100]},{"t":612,"s":[100,100,100]}],"ix":6}},"ao":0,"shapes":[{"ty":"gr","it":[{"ind":0,"ty":"sh","ix":1,"ks":{"a":0,"k":{"i":[[0,0],[-1.74,12.883],[0,0],[2.815,-17.143]],"o":[[0,0],[1.505,-11.136],[0,0],[-2.634,16.047]],"v":[[-4.475,23.199],[-14.44,2.462],[6.418,-23.199],[13.365,2.846]],"c":true},"ix":2},"nm":"Path 1","mn":"ADBE Vector Shape - Group","hd":false},{"ty":"gf","o":{"a":0,"k":100,"ix":10},"r":1,"bm":0,"g":{"p":5,"k":{"a":0,"k":[0,0.859,0.694,0.29,0.252,0.855,0.678,0.286,0.505,0.851,0.663,0.282,0.752,0.802,0.618,0.21,1,0.753,0.573,0.137],"ix":9}},"s":{"a":0,"k":[-4.746,0.766],"ix":5},"e":{"a":0,"k":[3.005,2.189],"ix":6},"t":1,"nm":"Gradient Fill 1","mn":"ADBE Vector Graphic - G-Fill","hd":false},{"ty":"tr","p":{"a":0,"k":[16.43,23.45],"ix":2},"a":{"a":0,"k":[0,0],"ix":1},"s":{"a":0,"k":[100,100],"ix":3},"r":{"a":0,"k":0,"ix":6},"o":{"a":0,"k":100,"ix":7},"sk":{"a":0,"k":0,"ix":4},"sa":{"a":0,"k":0,"ix":5},"nm":"Transform"}],"nm":"Group 1","np":2,"cix":2,"bm":0,"ix":1,"mn":"ADBE Vector Group","hd":false}],"ip":24,"op":240,"st":24,"bm":0},{"ddd":0,"ind":13,"ty":4,"nm":"Leaf_13","sr":1,"ks":{"o":{"a":0,"k":100,"ix":11},"r":{"a":0,"k":0,"ix":10},"p":{"a":0,"k":[407.663,337.81,0],"ix":2},"a":{"a":0,"k":[2.859,25.6,0],"ix":1},"s":{"a":1,"k":[{"i":{"x":[0.833,0.833,0.833],"y":[0.667,0.667,1]},"o":{"x":[0.167,0.167,0.167],"y":[0.167,0.167,0]},"t":28,"s":[0,0,100]},{"i":{"x":[0.833,0.833,0.833],"y":[0.778,0.778,1]},"o":{"x":[0.167,0.167,0.167],"y":[0.111,0.111,0]},"t":32,"s":[8.762,8.762,100]},{"i":{"x":[0.833,0.833,0.833],"y":[0.898,0.898,1]},"o":{"x":[0.167,0.167,0.167],"y":[0.133,0.133,0]},"t":36,"s":[35.048,35.048,100]},{"i":{"x":[0.833,0.833,0.833],"y":[0.951,0.951,1]},"o":{"x":[0.167,0.167,0.167],"y":[0.456,0.456,0]},"t":40,"s":[78.858,78.858,100]},{"i":{"x":[0.833,0.833,0.833],"y":[1.196,1.196,1]},"o":{"x":[0.167,0.167,0.167],"y":[-0.12,-0.12,0]},"t":44,"s":[88.664,88.664,100]},{"i":{"x":[0.833,0.833,0.833],"y":[0.913,0.913,1]},"o":{"x":[0.167,0.167,0.167],"y":[0.058,0.058,0]},"t":48,"s":[84.641,84.641,100]},{"i":{"x":[0.833,0.833,0.833],"y":[0.721,0.721,1]},"o":{"x":[0.167,0.167,0.167],"y":[2.112,2.112,0]},"t":52,"s":[98.141,98.141,100]},{"i":{"x":[0.833,0.833,0.833],"y":[0.833,0.833,1]},"o":{"x":[0.167,0.167,0.167],"y":[0.119,0.119,0]},"t":56,"s":[98.696,98.696,100]},{"t":60,"s":[100,100,100]}],"ix":6}},"ao":0,"shapes":[{"ty":"gr","it":[{"ind":0,"ty":"sh","ix":1,"ks":{"a":0,"k":{"i":[[0,0],[-11.149,6.687],[0,0],[15.146,-8.509]],"o":[[0,0],[9.636,-5.78],[0,0],[-14.179,7.965]],"v":[[-20.932,8.663],[-10.959,-12.069],[22.109,-11.807],[6.106,9.884]],"c":true},"ix":2},"nm":"Path 1","mn":"ADBE Vector Shape - Group","hd":false},{"ty":"gf","o":{"a":0,"k":100,"ix":10},"r":1,"bm":0,"g":{"p":5,"k":{"a":0,"k":[0,0.859,0.694,0.29,0.252,0.855,0.678,0.286,0.505,0.851,0.663,0.282,0.752,0.802,0.618,0.21,1,0.753,0.573,0.137],"ix":9}},"s":{"a":0,"k":[0,0],"ix":5},"e":{"a":0,"k":[100,0],"ix":6},"t":1,"nm":"Gradient Fill 1","mn":"ADBE Vector Graphic - G-Fill","hd":false},{"ty":"tr","p":{"a":0,"k":[22.358,18.1],"ix":2},"a":{"a":0,"k":[0,0],"ix":1},"s":{"a":0,"k":[100,100],"ix":3},"r":{"a":0,"k":0,"ix":6},"o":{"a":0,"k":100,"ix":7},"sk":{"a":0,"k":0,"ix":4},"sa":{"a":0,"k":0,"ix":5},"nm":"Transform"}],"nm":"Group 1","np":2,"cix":2,"bm":0,"ix":1,"mn":"ADBE Vector Group","hd":false}],"ip":28,"op":240,"st":28,"bm":0},{"ddd":0,"ind":14,"ty":4,"nm":"Leaf_14","sr":1,"ks":{"o":{"a":0,"k":100,"ix":11},"r":{"a":0,"k":0,"ix":10},"p":{"a":0,"k":[395.228,314.11,0],"ix":2},"a":{"a":0,"k":[4.576,38.322,0],"ix":1},"s":{"a":1,"k":[{"i":{"x":[0.833,0.833,0.833],"y":[0.667,0.667,6.413]},"o":{"x":[0.167,0.167,0.167],"y":[0.167,0.167,0]},"t":28,"s":[0,0,100]},{"i":{"x":[0.833,0.833,0.833],"y":[0.778,0.778,2.762]},"o":{"x":[0.167,0.167,0.167],"y":[0.111,0.111,-5.413]},"t":32,"s":[8.762,8.762,100]},{"i":{"x":[0.833,0.833,0.833],"y":[0.898,0.898,1.945]},"o":{"x":[0.167,0.167,0.167],"y":[0.133,0.133,-1.762]},"t":36,"s":[35.048,35.048,100]},{"i":{"x":[0.833,0.833,0.833],"y":[0.951,0.951,2.28]},"o":{"x":[0.167,0.167,0.167],"y":[0.456,0.456,-0.945]},"t":40,"s":[78.858,78.858,100]},{"i":{"x":[0.833,0.833,0.833],"y":[1.196,1.196,1.155]},"o":{"x":[0.167,0.167,0.167],"y":[-0.12,-0.12,-1.28]},"t":44,"s":[88.664,88.664,100]},{"i":{"x":[0.833,0.833,0.833],"y":[0.913,0.913,1.109]},"o":{"x":[0.167,0.167,0.167],"y":[0.058,0.058,-0.155]},"t":48,"s":[84.641,84.641,100]},{"i":{"x":[0.833,0.833,0.833],"y":[0.721,0.721,1]},"o":{"x":[0.167,0.167,0.167],"y":[2.112,2.112,-0.109]},"t":52,"s":[98.141,98.141,100]},{"i":{"x":[0.833,0.833,0.833],"y":[0.833,0.833,1]},"o":{"x":[0.167,0.167,0.167],"y":[0.119,0.119,0]},"t":56,"s":[98.696,98.696,100]},{"t":60,"s":[100,100,100]}],"ix":6}},"ao":0,"shapes":[{"ty":"gr","it":[{"ind":0,"ty":"sh","ix":1,"ks":{"a":0,"k":{"i":[[0,0],[-2.277,10.631],[0,0],[5.316,-15.947]],"o":[[0,0],[2.279,-10.631],[0,0],[-5.315,15.946]],"v":[[-11.011,16.896],[-14.049,-2.468],[12.909,-21.072],[11.01,5.126]],"c":true},"ix":2},"nm":"Path 1","mn":"ADBE Vector Shape - Group","hd":false},{"ty":"gf","o":{"a":0,"k":100,"ix":10},"r":1,"bm":0,"g":{"p":5,"k":{"a":0,"k":[0,0.859,0.694,0.29,0.252,0.855,0.678,0.286,0.505,0.851,0.663,0.282,0.752,0.802,0.618,0.21,1,0.753,0.573,0.137],"ix":9}},"s":{"a":0,"k":[-8.66,-3.844],"ix":5},"e":{"a":0,"k":[1.313,1.128],"ix":6},"t":1,"nm":"Gradient Fill 1","mn":"ADBE Vector Graphic - G-Fill","hd":false},{"ty":"tr","p":{"a":0,"k":[16.576,21.322],"ix":2},"a":{"a":0,"k":[0,0],"ix":1},"s":{"a":0,"k":[100,100],"ix":3},"r":{"a":0,"k":0,"ix":6},"o":{"a":0,"k":100,"ix":7},"sk":{"a":0,"k":0,"ix":4},"sa":{"a":0,"k":0,"ix":5},"nm":"Transform"}],"nm":"Group 1","np":2,"cix":2,"bm":0,"ix":1,"mn":"ADBE Vector Group","hd":false}],"ip":28,"op":240,"st":28,"bm":0},{"ddd":0,"ind":15,"ty":4,"nm":"Leaf_15","sr":1,"ks":{"o":{"a":0,"k":100,"ix":11},"r":{"a":0,"k":0,"ix":10},"p":{"a":0,"k":[431.015,299.401,0],"ix":2},"a":{"a":0,"k":[1.301,26.895,0],"ix":1},"s":{"a":1,"k":[{"i":{"x":[0.833,0.833,0.833],"y":[0.667,0.667,6.413]},"o":{"x":[0.167,0.167,0.167],"y":[0.167,0.167,0]},"t":32,"s":[0,0,100]},{"i":{"x":[0.833,0.833,0.833],"y":[0.778,0.778,2.762]},"o":{"x":[0.167,0.167,0.167],"y":[0.111,0.111,-5.413]},"t":36,"s":[8.762,8.762,100]},{"i":{"x":[0.833,0.833,0.833],"y":[0.898,0.898,1.945]},"o":{"x":[0.167,0.167,0.167],"y":[0.133,0.133,-1.762]},"t":40,"s":[35.048,35.048,100]},{"i":{"x":[0.833,0.833,0.833],"y":[0.951,0.951,2.28]},"o":{"x":[0.167,0.167,0.167],"y":[0.456,0.456,-0.945]},"t":44,"s":[78.858,78.858,100]},{"i":{"x":[0.833,0.833,0.833],"y":[1.196,1.196,1.155]},"o":{"x":[0.167,0.167,0.167],"y":[-0.12,-0.12,-1.28]},"t":48,"s":[88.664,88.664,100]},{"i":{"x":[0.833,0.833,0.833],"y":[0.913,0.913,1.109]},"o":{"x":[0.167,0.167,0.167],"y":[0.058,0.058,-0.155]},"t":52,"s":[84.641,84.641,100]},{"i":{"x":[0.833,0.833,0.833],"y":[0.721,0.721,1]},"o":{"x":[0.167,0.167,0.167],"y":[2.112,2.112,-0.109]},"t":56,"s":[98.141,98.141,100]},{"i":{"x":[0.833,0.833,0.833],"y":[0.833,0.833,1]},"o":{"x":[0.167,0.167,0.167],"y":[0.119,0.119,0]},"t":60,"s":[98.696,98.696,100]},{"t":64,"s":[100,100,100]}],"ix":6}},"ao":0,"shapes":[{"ty":"gr","it":[{"ind":0,"ty":"sh","ix":1,"ks":{"a":0,"k":{"i":[[0,0],[-7.417,7.949],[0,0],[12.755,-10.949]],"o":[[0,0],[7.417,-7.95],[0,0],[-12.753,10.949]],"v":[[-19.978,6.977],[-12.634,-11.195],[20.052,-13.303],[4.961,8.195]],"c":true},"ix":2},"nm":"Path 1","mn":"ADBE Vector Shape - Group","hd":false},{"ty":"gf","o":{"a":0,"k":100,"ix":10},"r":1,"bm":0,"g":{"p":5,"k":{"a":0,"k":[0,0.859,0.694,0.29,0.252,0.855,0.678,0.286,0.505,0.851,0.663,0.282,0.752,0.802,0.618,0.21,1,0.753,0.573,0.137],"ix":9}},"s":{"a":0,"k":[13.648,-10.021],"ix":5},"e":{"a":0,"k":[-1.66,-2],"ix":6},"t":1,"nm":"Gradient Fill 1","mn":"ADBE Vector Graphic - G-Fill","hd":false},{"ty":"tr","p":{"a":0,"k":[20.301,19.395],"ix":2},"a":{"a":0,"k":[0,0],"ix":1},"s":{"a":0,"k":[100,100],"ix":3},"r":{"a":0,"k":0,"ix":6},"o":{"a":0,"k":100,"ix":7},"sk":{"a":0,"k":0,"ix":4},"sa":{"a":0,"k":0,"ix":5},"nm":"Transform"}],"nm":"Group 1","np":2,"cix":2,"bm":0,"ix":1,"mn":"ADBE Vector Group","hd":false}],"ip":32,"op":240,"st":32,"bm":0},{"ddd":0,"ind":16,"ty":4,"nm":"Stem","sr":1,"ks":{"o":{"a":0,"k":100,"ix":11},"r":{"a":0,"k":0,"ix":10},"p":{"a":0,"k":[449.366,731.544,0],"ix":2},"a":{"a":0,"k":[148.068,442.725,0],"ix":1},"s":{"a":0,"k":[100,100,100],"ix":6}},"ao":0,"shapes":[{"ty":"gr","it":[{"ind":0,"ty":"sh","ix":1,"ks":{"a":0,"k":{"i":[[0,0],[-15.204,-146.968],[0,0]],"o":[[0,0],[23.65,135.144],[0,0]],"v":[[59.626,-215.883],[-51.5,21.866],[66.704,215.882]],"c":false},"ix":2},"nm":"Path 1","mn":"ADBE Vector Shape - Group","hd":false},{"ty":"gs","o":{"a":0,"k":100,"ix":9},"w":{"a":0,"k":3,"ix":10},"g":{"p":3,"k":{"a":0,"k":[0,0.753,0.573,0.137,0.5,0.666,0.502,0.107,1,0.58,0.432,0.077],"ix":8}},"s":{"a":0,"k":[-36.938,-202.289],"ix":4},"e":{"a":0,"k":[64.391,215.188],"ix":5},"t":1,"lc":1,"lj":1,"ml":10,"ml2":{"a":0,"k":10,"ix":13},"bm":0,"nm":"Gradient Stroke 1","mn":"ADBE Vector Graphic - G-Stroke","hd":false},{"ty":"tr","p":{"a":0,"k":[74.204,223.383],"ix":2},"a":{"a":0,"k":[0,0],"ix":1},"s":{"a":0,"k":[100,100],"ix":3},"r":{"a":0,"k":0,"ix":6},"o":{"a":0,"k":100,"ix":7},"sk":{"a":0,"k":0,"ix":4},"sa":{"a":0,"k":0,"ix":5},"nm":"Transform"}],"nm":"Group 1","np":2,"cix":2,"bm":0,"ix":1,"mn":"ADBE Vector Group","hd":false},{"ty":"tm","s":{"a":1,"k":[{"i":{"x":[0.833],"y":[0.833]},"o":{"x":[0.167],"y":[0.167]},"t":0,"s":[100]},{"i":{"x":[0.833],"y":[0.833]},"o":{"x":[0.167],"y":[0.167]},"t":8,"s":[94]},{"i":{"x":[0.833],"y":[0.833]},"o":{"x":[0.167],"y":[0.167]},"t":12,"s":[65]},{"i":{"x":[0.833],"y":[0.833]},"o":{"x":[0.167],"y":[0.167]},"t":20,"s":[36]},{"i":{"x":[0.833],"y":[0.833]},"o":{"x":[0.167],"y":[0.167]},"t":24,"s":[34]},{"i":{"x":[0.833],"y":[0.833]},"o":{"x":[0.167],"y":[0.167]},"t":28,"s":[20]},{"i":{"x":[0.833],"y":[0.833]},"o":{"x":[0.167],"y":[0.167]},"t":32,"s":[7]},{"i":{"x":[0.833],"y":[0.833]},"o":{"x":[0.167],"y":[0.167]},"t":36,"s":[2]},{"t":40,"s":[0]}],"ix":1},"e":{"a":0,"k":100,"ix":2},"o":{"a":0,"k":0,"ix":3},"m":1,"ix":2,"nm":"Trim Paths 1","mn":"ADBE Vector Filter - Trim","hd":false}],"ip":0,"op":240,"st":0,"bm":0}]}],"layers":[{"ddd":0,"ind":1,"ty":4,"nm":"winner text Outlines","parent":2,"sr":1,"ks":{"o":{"a":0,"k":100,"ix":11},"r":{"a":0,"k":0,"ix":10},"p":{"a":0,"k":[605.875,1233.872,0],"ix":2},"a":{"a":0,"k":[0,0,0],"ix":1},"s":{"a":0,"k":[212.326,212.326,100],"ix":6}},"ao":0,"shapes":[{"ty":"gr","it":[{"ind":0,"ty":"sh","ix":1,"ks":{"a":0,"k":{"i":[[0,0],[0,0],[0,0],[0,0],[0,0],[0,0],[0,0],[0,0],[0,0],[0,0],[0,0],[0,0],[0,0],[0,0],[0,0],[0,0]],"o":[[0,0],[0,0],[0,0],[0,0],[0,0],[0,0],[0,0],[0,0],[0,0],[0,0],[0,0],[0,0],[0,0],[0,0],[0,0],[0,0]],"v":[[-71.122,0],[-80.942,0],[-86.122,-25.981],[-86.225,-25.981],[-91.405,0],[-101.38,0],[-111.56,-37.68],[-101.74,-37.68],[-96.405,-10.101],[-96.302,-10.101],[-90.761,-37.68],[-81.534,-37.68],[-75.993,-10.101],[-75.89,-10.101],[-70.555,-37.68],[-60.736,-37.68]],"c":true},"ix":2},"nm":"w","mn":"ADBE Vector Shape - Group","hd":false},{"ty":"gf","o":{"a":0,"k":100,"ix":10},"r":1,"bm":0,"g":{"p":5,"k":{"a":0,"k":[0,0.859,0.694,0.29,0.252,0.855,0.678,0.286,0.505,0.851,0.663,0.282,0.752,0.802,0.618,0.21,1,0.753,0.573,0.137],"ix":9}},"s":{"a":0,"k":[0,0],"ix":5},"e":{"a":0,"k":[100,0],"ix":6},"t":1,"nm":"Gradient Fill 1","mn":"ADBE Vector Graphic - G-Fill","hd":false},{"ty":"tr","p":{"a":0,"k":[0,0],"ix":2},"a":{"a":0,"k":[0,0],"ix":1},"s":{"a":0,"k":[100,100],"ix":3},"r":{"a":0,"k":0,"ix":6},"o":{"a":0,"k":100,"ix":7},"sk":{"a":0,"k":0,"ix":4},"sa":{"a":0,"k":0,"ix":5},"nm":"Transform"}],"nm":"w","np":3,"cix":2,"bm":0,"ix":1,"mn":"ADBE Vector Group","hd":false},{"ty":"gr","it":[{"ind":0,"ty":"sh","ix":1,"ks":{"a":0,"k":{"i":[[0,0],[0,0],[0,0],[0,0]],"o":[[0,0],[0,0],[0,0],[0,0]],"v":[[-55.86,-37.68],[-46.38,-37.68],[-46.38,0],[-55.86,0]],"c":true},"ix":2},"nm":"i","mn":"ADBE Vector Shape - Group","hd":false},{"ty":"gf","o":{"a":0,"k":100,"ix":10},"r":1,"bm":0,"g":{"p":5,"k":{"a":0,"k":[0,0.859,0.694,0.29,0.252,0.855,0.678,0.286,0.505,0.851,0.663,0.282,0.752,0.802,0.618,0.21,1,0.753,0.573,0.137],"ix":9}},"s":{"a":0,"k":[0,0],"ix":5},"e":{"a":0,"k":[100,0],"ix":6},"t":1,"nm":"Gradient Fill 1","mn":"ADBE Vector Graphic - G-Fill","hd":false},{"ty":"tr","p":{"a":0,"k":[0,0],"ix":2},"a":{"a":0,"k":[0,0],"ix":1},"s":{"a":0,"k":[100,100],"ix":3},"r":{"a":0,"k":0,"ix":6},"o":{"a":0,"k":100,"ix":7},"sk":{"a":0,"k":0,"ix":4},"sa":{"a":0,"k":0,"ix":5},"nm":"Transform"}],"nm":"i","np":3,"cix":2,"bm":0,"ix":2,"mn":"ADBE Vector Group","hd":false},{"ty":"gr","it":[{"ind":0,"ty":"sh","ix":1,"ks":{"a":0,"k":{"i":[[0,0],[0,0],[0,0],[0,0],[0,0],[0,0],[0,0],[0,0],[0,0],[0,0],[0,0],[0,0]],"o":[[0,0],[0,0],[0,0],[0,0],[0,0],[0,0],[0,0],[0,0],[0,0],[0,0],[0,0],[0,0]],"v":[[-39.34,-37.68],[-29.575,-37.68],[-16.888,-14.452],[-16.788,-14.452],[-16.788,-37.68],[-7.876,-37.68],[-7.876,0],[-17.64,0],[-30.327,-23.486],[-30.427,-23.486],[-30.427,0],[-39.34,0]],"c":true},"ix":2},"nm":"n","mn":"ADBE Vector Shape - Group","hd":false},{"ty":"gf","o":{"a":0,"k":100,"ix":10},"r":1,"bm":0,"g":{"p":5,"k":{"a":0,"k":[0,0.859,0.694,0.29,0.252,0.855,0.678,0.286,0.505,0.851,0.663,0.282,0.752,0.802,0.618,0.21,1,0.753,0.573,0.137],"ix":9}},"s":{"a":0,"k":[0,0],"ix":5},"e":{"a":0,"k":[100,0],"ix":6},"t":1,"nm":"Gradient Fill 1","mn":"ADBE Vector Graphic - G-Fill","hd":false},{"ty":"tr","p":{"a":0,"k":[0,0],"ix":2},"a":{"a":0,"k":[0,0],"ix":1},"s":{"a":0,"k":[100,100],"ix":3},"r":{"a":0,"k":0,"ix":6},"o":{"a":0,"k":100,"ix":7},"sk":{"a":0,"k":0,"ix":4},"sa":{"a":0,"k":0,"ix":5},"nm":"Transform"}],"nm":"n","np":3,"cix":2,"bm":0,"ix":3,"mn":"ADBE Vector Group","hd":false},{"ty":"gr","it":[{"ind":0,"ty":"sh","ix":1,"ks":{"a":0,"k":{"i":[[0,0],[0,0],[0,0],[0,0],[0,0],[0,0],[0,0],[0,0],[0,0],[0,0],[0,0],[0,0]],"o":[[0,0],[0,0],[0,0],[0,0],[0,0],[0,0],[0,0],[0,0],[0,0],[0,0],[0,0],[0,0]],"v":[[-0.242,-37.68],[9.522,-37.68],[22.209,-14.452],[22.309,-14.452],[22.309,-37.68],[31.222,-37.68],[31.222,0],[21.457,0],[8.77,-23.486],[8.67,-23.486],[8.67,0],[-0.242,0]],"c":true},"ix":2},"nm":"n","mn":"ADBE Vector Shape - Group","hd":false},{"ty":"gf","o":{"a":0,"k":100,"ix":10},"r":1,"bm":0,"g":{"p":5,"k":{"a":0,"k":[0,0.859,0.694,0.29,0.252,0.855,0.678,0.286,0.505,0.851,0.663,0.282,0.752,0.802,0.618,0.21,1,0.753,0.573,0.137],"ix":9}},"s":{"a":0,"k":[0,0],"ix":5},"e":{"a":0,"k":[100,0],"ix":6},"t":1,"nm":"Gradient Fill 1","mn":"ADBE Vector Graphic - G-Fill","hd":false},{"ty":"tr","p":{"a":0,"k":[0,0],"ix":2},"a":{"a":0,"k":[0,0],"ix":1},"s":{"a":0,"k":[100,100],"ix":3},"r":{"a":0,"k":0,"ix":6},"o":{"a":0,"k":100,"ix":7},"sk":{"a":0,"k":0,"ix":4},"sa":{"a":0,"k":0,"ix":5},"nm":"Transform"}],"nm":"n","np":3,"cix":2,"bm":0,"ix":4,"mn":"ADBE Vector Group","hd":false},{"ty":"gr","it":[{"ind":0,"ty":"sh","ix":1,"ks":{"a":0,"k":{"i":[[0,0],[0,0],[0,0],[0,0],[0,0],[0,0],[0,0],[0,0],[0,0],[0,0],[0,0],[0,0]],"o":[[0,0],[0,0],[0,0],[0,0],[0,0],[0,0],[0,0],[0,0],[0,0],[0,0],[0,0],[0,0]],"v":[[38.958,-37.68],[68.021,-37.68],[68.021,-29.847],[48.438,-29.847],[48.438,-23.196],[66.347,-23.196],[66.347,-15.618],[48.438,-15.618],[48.438,-8.451],[68.545,-8.451],[68.545,0],[38.958,0]],"c":true},"ix":2},"nm":"e","mn":"ADBE Vector Shape - Group","hd":false},{"ty":"gf","o":{"a":0,"k":100,"ix":10},"r":1,"bm":0,"g":{"p":5,"k":{"a":0,"k":[0,0.859,0.694,0.29,0.252,0.855,0.678,0.286,0.505,0.851,0.663,0.282,0.752,0.802,0.618,0.21,1,0.753,0.573,0.137],"ix":9}},"s":{"a":0,"k":[0,0],"ix":5},"e":{"a":0,"k":[100,0],"ix":6},"t":1,"nm":"Gradient Fill 1","mn":"ADBE Vector Graphic - G-Fill","hd":false},{"ty":"tr","p":{"a":0,"k":[0,0],"ix":2},"a":{"a":0,"k":[0,0],"ix":1},"s":{"a":0,"k":[100,100],"ix":3},"r":{"a":0,"k":0,"ix":6},"o":{"a":0,"k":100,"ix":7},"sk":{"a":0,"k":0,"ix":4},"sa":{"a":0,"k":0,"ix":5},"nm":"Transform"}],"nm":"e","np":3,"cix":2,"bm":0,"ix":5,"mn":"ADBE Vector Group","hd":false},{"ty":"gr","it":[{"ind":0,"ty":"sh","ix":1,"ks":{"a":0,"k":{"i":[[0,0],[0,0],[-2.528,-1.615],[-0.067,-3.797],[0.945,-1.701],[2.01,-0.842],[0,0],[-0.67,-0.601],[-0.43,-0.876],[-0.103,-1.89],[-0.201,-1.89],[-0.201,-0.739],[-0.269,-0.395],[0,0],[0.1,0.602],[0.1,0.602],[0.066,0.619],[0.15,0.911],[0.367,0.739],[0.683,0.43],[1.117,0],[0,0],[0,0],[0,0]],"o":[[0,0],[3.376,0],[2.545,1.649],[0,2.045],[-0.979,1.718],[0,0],[1.014,0.206],[0.67,0.636],[0.773,1.804],[0.033,0.962],[0.118,0.911],[0.201,0.773],[0,0],[-0.216,-0.309],[-0.1,-0.567],[-0.133,-1.306],[-0.033,-0.996],[-0.134,-0.911],[-0.35,-0.739],[-0.717,-0.412],[0,0],[0,0],[0,0],[0,0]],"v":[[75.117,-37.68],[93.704,-37.68],[102.561,-35.257],[106.478,-27.087],[105.061,-21.469],[100.576,-17.629],[100.576,-17.526],[103.102,-16.314],[104.751,-14.046],[106.066,-8.505],[106.418,-4.227],[106.897,-1.753],[107.601,0],[98.226,0],[97.752,-1.366],[97.452,-3.119],[97.153,-6.006],[96.878,-8.867],[96.128,-11.342],[94.577,-13.095],[91.826,-13.714],[84.597,-13.714],[84.597,0],[75.117,0]],"c":true},"ix":2},"nm":"r","mn":"ADBE Vector Shape - Group","hd":false},{"ind":1,"ty":"sh","ix":2,"ks":{"a":0,"k":{"i":[[0,0],[0,0],[-0.05,2.941],[0.883,0.675],[1.366,0],[0,0]],"o":[[0,0],[2.899,-0.035],[-0.05,-1.418],[-0.917,-0.64],[0,0],[0,0]],"v":[[84.597,-21.286],[92.57,-21.286],[96.994,-25.748],[95.594,-28.887],[92.17,-29.847],[84.597,-29.847]],"c":true},"ix":2},"nm":"r","mn":"ADBE Vector Shape - Group","hd":false},{"ty":"mm","mm":1,"nm":"Merge Paths 1","mn":"ADBE Vector Filter - Merge","hd":false},{"ty":"gf","o":{"a":0,"k":100,"ix":10},"r":1,"bm":0,"g":{"p":5,"k":{"a":0,"k":[0,0.859,0.694,0.29,0.252,0.855,0.678,0.286,0.505,0.851,0.663,0.282,0.752,0.802,0.618,0.21,1,0.753,0.573,0.137],"ix":9}},"s":{"a":0,"k":[0,0],"ix":5},"e":{"a":0,"k":[100,0],"ix":6},"t":1,"nm":"Gradient Fill 1","mn":"ADBE Vector Graphic - G-Fill","hd":false},{"ty":"tr","p":{"a":0,"k":[0,0],"ix":2},"a":{"a":0,"k":[0,0],"ix":1},"s":{"a":0,"k":[100,100],"ix":3},"r":{"a":0,"k":0,"ix":6},"o":{"a":0,"k":100,"ix":7},"sk":{"a":0,"k":0,"ix":4},"sa":{"a":0,"k":0,"ix":5},"nm":"Transform"}],"nm":"r","np":5,"cix":2,"bm":0,"ix":6,"mn":"ADBE Vector Group","hd":false}],"ip":0,"op":357,"st":0,"bm":0},{"ddd":0,"ind":2,"ty":0,"nm":"Unit","refId":"comp_0","sr":1.3,"ks":{"o":{"a":0,"k":100,"ix":11},"r":{"a":0,"k":0,"ix":10},"p":{"a":0,"k":[256.59,227.434,0],"ix":2},"a":{"a":0,"k":[600,600,0],"ix":1},"s":{"a":0,"k":[35.229,35.229,100],"ix":6}},"ao":0,"w":1200,"h":1200,"ip":0,"op":357,"st":0,"bm":0}],"markers":[]}